STT,AccelX,AccelY,AccelZ,GyroX,GyroY,GyroZ
0,9.26,-0.61,4.64,-0.11,0.06,-0.01
1,9.26,-0.6,4.64,-0.11,0.06,-0.01
2,9.26,-0.6,4.64,-0.11,0.06,-0.01
3,9.26,-0.6,4.64,-0.11,0.06,-0.01
4,9.26,-0.59,4.64,-0.11,0.06,-0.01
5,9.26,-0.59,4.63,-0.11,0.06,-0.01
6,9.26,-0.59,4.63,-0.11,0.06,-0.01
7,9.26,-0.59,4.63,-0.11,0.06,-0.01
8,9.26,-0.58,4.63,-0.11,0.06,-0.01
9,9.26,-0.58,4.63,-0.11,0.06,-0.01
10,9.26,-0.58,4.63,-0.11,0.06,-0.01
11,9.26,-0.58,4.63,-0.11,0.06,-0.01
12,9.26,-0.58,4.63,-0.11,0.06,-0.01
13,9.26,-0.58,4.63,-0.11,0.06,-0.01
14,9.26,-0.58,4.63,-0.11,0.06,-0.01
15,9.26,-0.58,4.63,-0.11,0.06,-0.01
16,9.26,-0.58,4.63,-0.11,0.06,-0.01
17,9.26,-0.58,4.63,-0.11,0.06,-0.01
18,9.26,-0.58,4.64,-0.11,0.06,-0.01
19,9.26,-0.58,4.64,-0.11,0.06,-0.01
20,9.26,-0.58,4.64,-0.11,0.06,-0.01
21,9.26,-0.58,4.64,-0.11,0.06,-0.01
22,9.26,-0.58,4.64,-0.11,0.06,-0.01
23,9.25,-0.58,4.64,-0.11,0.06,-0.01
24,9.25,-0.58,4.64,-0.11,0.06,-0.01
25,9.25,-0.58,4.65,-0.11,0.06,-0.01
26,9.25,-0.58,4.65,-0.11,0.06,-0.01
27,9.25,-0.58,4.65,-0.11,0.06,-0.01
28,9.25,-0.59,4.65,-0.11,0.06,-0.01
29,9.25,-0.59,4.65,-0.11,0.06,-0.01
30,9.25,-0.59,4.65,-0.11,0.06,-0.01
31,9.25,-0.59,4.65,-0.11,0.05,-0.01
32,9.25,-0.59,4.65,-0.11,0.05,-0.01
33,9.25,-0.59,4.65,-0.11,0.05,-0.01
34,9.25,-0.59,4.65,-0.11,0.05,-0.01
35,9.25,-0.59,4.65,-0.11,0.05,-0.01
36,9.25,-0.59,4.65,-0.11,0.05,-0.01
37,9.25,-0.59,4.65,-0.11,0.05,-0.01
38,9.25,-0.59,4.65,-0.11,0.05,-0.01
39,9.25,-0.59,4.65,-0.11,0.05,-0.01
40,9.25,-0.59,4.65,-0.11,0.05,-0.01
41,9.25,-0.59,4.65,-0.11,0.05,-0.01
42,9.25,-0.58,4.65,-0.11,0.05,-0.01
43,9.25,-0.58,4.65,-0.11,0.05,-0.01
44,9.25,-0.58,4.65,-0.11,0.05,-0.01
45,9.25,-0.58,4.64,-0.11,0.05,-0.01
46,9.25,-0.58,4.64,-0.11,0.05,-0.01
47,9.25,-0.58,4.64,-0.11,0.05,-0.01
48,9.25,-0.58,4.64,-0.11,0.05,-0.01
49,9.25,-0.58,4.64,-0.11,0.05,-0.01
50,9.25,-0.58,4.64,-0.11,0.05,-0.01
51,9.25,-0.59,4.64,-0.11,0.05,-0.01
52,9.25,-0.59,4.64,-0.11,0.05,-0.01
53,9.25,-0.59,4.64,-0.11,0.05,-0.01
54,9.25,-0.59,4.64,-0.11,0.05,-0.01
55,9.25,-0.59,4.64,-0.11,0.05,-0.01
56,9.25,-0.59,4.64,-0.11,0.05,-0.01
57,9.25,-0.59,4.64,-0.11,0.05,-0.01
58,9.25,-0.59,4.64,-0.11,0.05,-0.01
59,9.25,-0.59,4.64,-0.11,0.05,-0.01
60,9.25,-0.59,4.64,-0.11,0.05,-0.01
61,9.25,-0.59,4.64,-0.11,0.05,-0.01
62,9.26,-0.59,4.64,-0.11,0.05,-0.01
63,9.26,-0.59,4.64,-0.11,0.05,-0.01
64,9.26,-0.59,4.64,-0.11,0.05,-0.01
65,9.26,-0.59,4.63,-0.11,0.05,-0.01
66,9.26,-0.59,4.63,-0.11,0.05,-0.01
67,9.26,-0.59,4.63,-0.11,0.05,-0.01
68,9.26,-0.59,4.63,-0.11,0.05,-0.01
69,9.26,-0.59,4.63,-0.11,0.05,-0.01
70,9.26,-0.59,4.62,-0.11,0.05,-0.01
71,9.26,-0.59,4.62,-0.11,0.05,-0.01
72,9.27,-0.59,4.62,-0.11,0.05,-0.01
73,9.27,-0.59,4.62,-0.11,0.05,-0.01
74,9.27,-0.59,4.61,-0.11,0.05,-0.01
75,9.27,-0.59,4.61,-0.11,0.05,-0.01
76,9.27,-0.59,4.61,-0.11,0.05,-0.01
77,9.27,-0.58,4.61,-0.11,0.05,-0.01
78,9.27,-0.58,4.6,-0.11,0.05,-0.01
79,9.27,-0.58,4.6,-0.11,0.05,-0.01
80,9.27,-0.58,4.6,-0.11,0.05,-0.01
81,9.27,-0.58,4.6,-0.11,0.05,-0.01
82,9.27,-0.58,4.6,-0.11,0.05,-0.01
83,9.27,-0.58,4.59,-0.11,0.05,-0.01
84,9.27,-0.58,4.59,-0.11,0.05,-0.01
85,9.28,-0.58,4.59,-0.11,0.05,-0.01
86,9.28,-0.58,4.59,-0.11,0.05,-0.01
87,9.28,-0.58,4.59,-0.11,0.05,-0.01
88,9.28,-0.58,4.59,-0.11,0.05,-0.01
89,9.28,-0.58,4.59,-0.11,0.05,-0.01
90,9.28,-0.58,4.59,-0.11,0.05,-0.01
91,9.28,-0.58,4.59,-0.11,0.05,-0.01
92,9.28,-0.58,4.59,-0.11,0.05,-0.01
93,9.28,-0.58,4.59,-0.11,0.05,-0.01
94,9.28,-0.58,4.59,-0.11,0.05,-0.01
95,9.28,-0.58,4.59,-0.11,0.05,-0.01
96,9.28,-0.58,4.59,-0.11,0.06,-0.01
97,9.28,-0.58,4.59,-0.11,0.06,-0.01
98,9.28,-0.58,4.59,-0.11,0.06,-0.01
99,9.28,-0.58,4.59,-0.11,0.06,-0.01
100,9.28,-0.58,4.59,-0.11,0.06,-0.01
101,9.28,-0.58,4.59,-0.11,0.06,-0.01
102,9.28,-0.58,4.59,-0.11,0.06,-0.01
103,9.28,-0.58,4.59,-0.11,0.06,-0.01
104,9.27,-0.59,4.59,-0.11,0.06,-0.01
105,9.27,-0.59,4.59,-0.11,0.06,-0.01
106,9.27,-0.59,4.6,-0.11,0.06,-0.01
107,9.27,-0.59,4.6,-0.11,0.06,-0.01
108,9.27,-0.59,4.6,-0.11,0.06,-0.01
109,9.27,-0.59,4.6,-0.11,0.06,-0.01
110,9.27,-0.59,4.61,-0.11,0.06,-0.01
111,9.27,-0.59,4.61,-0.11,0.06,-0.01
112,9.27,-0.59,4.61,-0.11,0.06,-0.01
113,9.27,-0.59,4.61,-0.11,0.06,-0.01
114,9.27,-0.59,4.62,-0.11,0.06,-0.01
115,9.26,-0.59,4.62,-0.11,0.06,-0.01
116,9.26,-0.59,4.62,-0.11,0.06,-0.01
117,9.26,-0.59,4.63,-0.11,0.06,-0.01
118,9.26,-0.59,4.63,-0.11,0.06,-0.01
119,9.26,-0.59,4.63,-0.11,0.06,-0.01
120,9.26,-0.59,4.63,-0.11,0.06,-0.01
121,9.26,-0.59,4.64,-0.11,0.06,-0.01
122,9.25,-0.59,4.64,-0.11,0.06,-0.01
123,9.25,-0.59,4.64,-0.11,0.06,-0.01
124,9.25,-0.59,4.64,-0.11,0.06,-0.01
125,9.25,-0.59,4.65,-0.11,0.06,-0.01
126,9.25,-0.59,4.65,-0.11,0.06,-0.01
127,9.25,-0.59,4.65,-0.11,0.06,-0.01
128,9.25,-0.59,4.65,-0.11,0.06,-0.01
129,9.25,-0.59,4.65,-0.11,0.06,-0.01
130,9.25,-0.59,4.65,-0.11,0.06,-0.01
131,9.25,-0.59,4.65,-0.11,0.06,-0.01
132,9.25,-0.59,4.65,-0.11,0.06,-0.01
133,9.25,-0.59,4.65,-0.11,0.06,-0.01
134,9.25,-0.59,4.65,-0.11,0.05,-0.01
135,9.25,-0.59,4.65,-0.11,0.05,-0.01
136,9.25,-0.59,4.65,-0.11,0.05,-0.01
137,9.25,-0.59,4.65,-0.11,0.05,-0.01
138,9.25,-0.59,4.65,-0.11,0.05,-0.01
139,9.25,-0.59,4.65,-0.11,0.05,-0.01
140,9.25,-0.59,4.65,-0.11,0.05,-0.01
141,9.25,-0.59,4.65,-0.11,0.05,-0.01
142,9.25,-0.59,4.65,-0.11,0.05,-0.01
143,9.25,-0.59,4.65,-0.11,0.05,-0.01
144,9.25,-0.59,4.65,-0.11,0.05,-0.01
145,9.25,-0.59,4.65,-0.11,0.05,-0.01
146,9.25,-0.59,4.65,-0.11,0.06,-0.01
147,9.25,-0.59,4.65,-0.11,0.06,-0.01
148,9.25,-0.59,4.65,-0.11,0.06,-0.01
149,9.25,-0.59,4.65,-0.11,0.06,-0.01
150,9.25,-0.59,4.65,-0.11,0.06,-0.01
151,9.25,-0.59,4.65,-0.11,0.06,-0.01
152,9.25,-0.59,4.65,-0.11,0.06,-0.01
153,9.25,-0.59,4.65,-0.11,0.06,-0.01
154,9.25,-0.59,4.65,-0.11,0.05,-0.01
155,9.25,-0.59,4.65,-0.11,0.05,-0.01
156,9.25,-0.59,4.65,-0.11,0.05,-0.01
157,9.25,-0.59,4.65,-0.11,0.05,-0.01
158,9.25,-0.59,4.65,-0.11,0.05,-0.01
159,9.25,-0.59,4.65,-0.11,0.05,-0.01
160,9.25,-0.59,4.65,-0.11,0.05,-0.01
161,9.25,-0.59,4.65,-0.11,0.05,-0.01
162,9.25,-0.59,4.65,-0.11,0.05,-0.01
163,9.25,-0.59,4.65,-0.11,0.05,-0.01
164,9.25,-0.59,4.65,-0.11,0.05,-0.01
165,9.25,-0.59,4.64,-0.11,0.05,-0.01
166,9.25,-0.59,4.64,-0.11,0.05,-0.01
167,9.25,-0.59,4.64,-0.11,0.05,-0.01
168,9.25,-0.59,4.64,-0.11,0.05,-0.01
169,9.26,-0.59,4.64,-0.11,0.05,-0.01
170,9.26,-0.59,4.63,-0.11,0.05,-0.01
171,9.26,-0.59,4.63,-0.11,0.05,-0.01
172,9.26,-0.59,4.63,-0.11,0.05,-0.01
173,9.26,-0.59,4.63,-0.11,0.05,-0.01
174,9.26,-0.59,4.62,-0.11,0.05,-0.01
175,9.26,-0.59,4.62,-0.11,0.05,-0.01
176,9.26,-0.59,4.62,-0.11,0.05,-0.01
177,9.27,-0.59,4.62,-0.11,0.05,-0.01
178,9.27,-0.59,4.61,-0.11,0.05,-0.01
179,9.27,-0.59,4.61,-0.11,0.05,-0.01
180,9.27,-0.59,4.61,-0.11,0.05,-0.01
181,9.27,-0.59,4.61,-0.11,0.05,-0.01
182,9.27,-0.59,4.61,-0.11,0.05,-0.01
183,9.27,-0.59,4.6,-0.11,0.05,-0.01
184,9.27,-0.59,4.6,-0.11,0.05,-0.01
185,9.27,-0.59,4.6,-0.11,0.05,-0.01
186,9.27,-0.59,4.6,-0.11,0.05,-0.01
187,9.27,-0.59,4.6,-0.11,0.05,-0.01
188,9.27,-0.59,4.6,-0.11,0.05,-0.01
189,9.27,-0.59,4.6,-0.11,0.05,-0.01
190,9.28,-0.59,4.6,-0.11,0.05,-0.01
191,9.28,-0.59,4.6,-0.11,0.05,-0.01
192,9.28,-0.59,4.59,-0.11,0.05,-0.01
193,9.28,-0.59,4.59,-0.11,0.05,-0.01
194,9.28,-0.59,4.59,-0.11,0.05,-0.01
195,9.28,-0.58,4.59,-0.11,0.05,-0.01
196,9.28,-0.58,4.59,-0.11,0.05,-0.01
197,9.28,-0.58,4.59,-0.11,0.05,-0.01
198,9.28,-0.58,4.59,-0.11,0.05,-0.01
199,9.28,-0.58,4.59,-0.11,0.05,-0.01
200,9.28,-0.58,4.59,-0.11,0.05,-0.01
201,9.28,-0.58,4.59,-0.11,0.05,-0.01
202,9.28,-0.58,4.59,-0.11,0.05,-0.01
203,9.28,-0.58,4.59,-0.11,0.06,-0.01
204,9.28,-0.58,4.59,-0.11,0.06,-0.01
205,9.28,-0.58,4.59,-0.11,0.06,-0.01
206,9.28,-0.58,4.59,-0.11,0.06,-0.01
207,9.27,-0.58,4.59,-0.11,0.06,-0.01
208,9.27,-0.58,4.59,-0.11,0.06,-0.01
209,9.27,-0.59,4.59,-0.11,0.06,-0.01
210,9.27,-0.59,4.59,-0.11,0.06,-0.01
211,9.27,-0.59,4.6,-0.11,0.06,-0.01
212,9.27,-0.59,4.6,-0.11,0.06,-0.01
213,9.27,-0.59,4.6,-0.11,0.06,-0.01
214,9.27,-0.59,4.6,-0.11,0.06,-0.01
215,9.27,-0.59,4.61,-0.11,0.06,-0.01
216,9.27,-0.59,4.61,-0.11,0.06,-0.01
217,9.27,-0.59,4.61,-0.11,0.06,-0.01
218,9.26,-0.59,4.61,-0.11,0.06,-0.01
219,9.26,-0.59,4.62,-0.11,0.06,-0.01
220,9.26,-0.59,4.62,-0.11,0.06,-0.01
221,9.26,-0.6,4.62,-0.11,0.06,-0.01
222,9.26,-0.6,4.63,-0.11,0.06,-0.01
223,9.26,-0.6,4.63,-0.11,0.06,-0.01
224,9.26,-0.6,4.63,-0.11,0.06,-0.01
225,9.26,-0.6,4.64,-0.11,0.06,-0.01
226,9.25,-0.6,4.64,-0.11,0.06,-0.01
227,9.25,-0.6,4.64,-0.11,0.06,-0.01
228,9.25,-0.6,4.64,-0.11,0.06,-0.01
229,9.25,-0.6,4.64,-0.11,0.06,-0.01
230,9.25,-0.59,4.65,-0.11,0.06,-0.01
231,9.25,-0.59,4.65,-0.11,0.06,-0.01
232,9.25,-0.59,4.65,-0.11,0.06,-0.01
233,9.25,-0.59,4.65,-0.11,0.06,-0.01
234,9.25,-0.59,4.65,-0.11,0.06,-0.01
235,9.25,-0.59,4.65,-0.11,0.06,-0.01
236,9.25,-0.59,4.65,-0.11,0.06,-0.01
237,9.25,-0.59,4.65,-0.11,0.06,-0.01
238,9.25,-0.59,4.65,-0.11,0.05,-0.01
239,9.25,-0.59,4.65,-0.11,0.05,-0.01
240,9.25,-0.59,4.65,-0.11,0.05,-0.01
241,9.25,-0.59,4.65,-0.11,0.05,-0.01
242,9.25,-0.59,4.65,-0.11,0.05,-0.01
243,9.25,-0.59,4.65,-0.11,0.05,-0.01
244,9.25,-0.59,4.65,-0.11,0.05,-0.01
245,9.25,-0.59,4.65,-0.11,0.05,-0.01
246,9.25,-0.59,4.64,-0.11,0.05,-0.01
247,9.25,-0.59,4.64,-0.11,0.05,-0.01
248,9.25,-0.59,4.64,-0.11,0.05,-0.01
249,9.25,-0.6,4.64,-0.11,0.05,-0.01
250,9.25,-0.6,4.64,-0.11,0.06,-0.01
251,9.25,-0.6,4.64,-0.11,0.06,-0.01
252,9.25,-0.6,4.65,-0.11,0.06,-0.01
253,9.25,-0.6,4.65,-0.11,0.06,-0.01
254,9.25,-0.6,4.65,-0.11,0.06,-0.01
255,9.25,-0.6,4.65,-0.11,0.06,-0.01
256,9.25,-0.6,4.65,-0.11,0.06,-0.01
257,9.25,-0.6,4.65,-0.11,0.06,-0.01
258,9.25,-0.6,4.65,-0.11,0.06,-0.01
259,9.25,-0.6,4.65,-0.11,0.06,-0.01
260,9.25,-0.6,4.65,-0.11,0.06,-0.01
261,9.25,-0.59,4.65,-0.11,0.06,-0.01
262,9.25,-0.59,4.65,-0.11,0.06,-0.01
263,9.25,-0.59,4.65,-0.11,0.06,-0.01
264,9.25,-0.59,4.65,-0.11,0.05,-0.01
265,9.25,-0.59,4.65,-0.11,0.05,-0.01
266,9.25,-0.59,4.65,-0.11,0.05,-0.01
267,9.25,-0.59,4.65,-0.11,0.05,-0.01
268,9.25,-0.59,4.65,-0.11,0.05,-0.01
269,9.25,-0.59,4.65,-0.11,0.05,-0.01
270,9.25,-0.59,4.65,-0.11,0.05,-0.01
271,9.25,-0.59,4.65,-0.11,0.05,-0.01
272,9.25,-0.59,4.65,-0.11,0.05,-0.01
273,9.25,-0.59,4.65,-0.11,0.05,-0.01
274,9.25,-0.59,4.64,-0.11,0.05,-0.01
275,9.25,-0.6,4.64,-0.11,0.05,-0.01
276,9.25,-0.6,4.64,-0.11,0.05,-0.01
277,9.26,-0.6,4.64,-0.11,0.05,-0.01
278,9.26,-0.6,4.64,-0.11,0.05,-0.01
279,9.26,-0.6,4.63,-0.11,0.05,-0.01
280,9.26,-0.6,4.63,-0.11,0.05,-0.01
281,9.26,-0.6,4.63,-0.11,0.05,-0.01
282,9.26,-0.6,4.63,-0.11,0.05,-0.01
283,9.26,-0.6,4.63,-0.11,0.05,-0.01
284,9.26,-0.6,4.62,-0.11,0.05,-0.01
285,9.26,-0.6,4.62,-0.11,0.05,-0.01
286,9.27,-0.6,4.62,-0.11,0.05,-0.01
287,9.27,-0.6,4.62,-0.11,0.05,-0.01
288,9.27,-0.6,4.62,-0.11,0.05,-0.01
289,9.27,-0.6,4.62,-0.11,0.05,-0.01
290,9.27,-0.6,4.61,-0.11,0.05,-0.01
291,9.27,-0.6,4.61,-0.11,0.05,-0.01
292,9.27,-0.6,4.61,-0.11,0.05,-0.01
293,9.27,-0.6,4.61,-0.11,0.05,-0.01
294,9.27,-0.6,4.61,-0.11,0.05,-0.01
295,9.27,-0.6,4.61,-0.11,0.05,-0.01
296,9.27,-0.6,4.6,-0.11,0.05,-0.01
297,9.27,-0.6,4.6,-0.11,0.05,-0.01
298,9.27,-0.6,4.6,-0.11,0.05,-0.01
299,9.27,-0.6,4.6,-0.11,0.05,-0.01
300,9.27,-0.6,4.6,-0.11,0.05,-0.01
301,9.27,-0.59,4.59,-0.11,0.05,-0.01
302,9.27,-0.59,4.59,-0.11,0.05,-0.01
303,9.27,-0.59,4.59,-0.11,0.05,-0.01
304,9.27,-0.59,4.59,-0.11,0.05,-0.01
305,9.28,-0.59,4.58,-0.11,0.05,-0.01
306,9.28,-0.59,4.58,-0.11,0.05,-0.01
307,9.28,-0.59,4.58,-0.11,0.05,-0.01
308,9.28,-0.59,4.58,-0.11,0.05,-0.01
309,9.28,-0.59,4.58,-0.11,0.05,-0.01
310,9.28,-0.59,4.58,-0.11,0.05,-0.01
311,9.28,-0.59,4.58,-0.11,0.05,-0.01
312,9.28,-0.59,4.58,-0.11,0.05,-0.01
313,9.28,-0.59,4.57,-0.11,0.05,-0.01
314,9.28,-0.59,4.57,-0.11,0.05,-0.01
315,9.28,-0.59,4.57,-0.11,0.06,-0.01
316,9.28,-0.59,4.58,-0.11,0.06,-0.01
317,9.28,-0.59,4.58,-0.11,0.06,-0.01
318,9.28,-0.59,4.58,-0.11,0.06,-0.01
319,9.28,-0.59,4.58,-0.11,0.06,-0.01
320,9.28,-0.6,4.58,-0.11,0.06,-0.01
321,9.28,-0.6,4.58,-0.11,0.06,-0.01
322,9.28,-0.6,4.59,-0.11,0.06,-0.01
323,9.28,-0.6,4.59,-0.11,0.06,-0.01
324,9.27,-0.6,4.59,-0.11,0.06,-0.01
325,9.27,-0.6,4.6,-0.11,0.06,-0.01
326,9.27,-0.6,4.6,-0.11,0.06,-0.01
327,9.27,-0.6,4.6,-0.11,0.06,-0.01
328,9.27,-0.6,4.61,-0.11,0.06,-0.01
329,9.27,-0.6,4.61,-0.11,0.06,-0.01
330,9.27,-0.6,4.61,-0.11,0.06,-0.01
331,9.27,-0.6,4.62,-0.11,0.06,-0.01
332,9.27,-0.6,4.62,-0.11,0.06,-0.01
333,9.27,-0.6,4.63,-0.11,0.06,-0.01
334,9.26,-0.59,4.63,-0.11,0.06,-0.01
335,9.26,-0.59,4.63,-0.11,0.06,-0.01
336,9.26,-0.59,4.64,-0.11,0.06,-0.01
337,9.26,-0.59,4.64,-0.11,0.06,-0.01
338,9.26,-0.59,4.64,-0.11,0.06,-0.01
339,9.26,-0.59,4.64,-0.11,0.06,-0.01
340,9.26,-0.59,4.64,-0.11,0.06,-0.01
341,9.26,-0.59,4.65,-0.11,0.06,-0.01
342,9.26,-0.59,4.65,-0.11,0.06,-0.01
343,9.25,-0.59,4.65,-0.11,0.06,-0.01
344,9.25,-0.59,4.65,-0.11,0.06,-0.01
345,9.25,-0.59,4.65,-0.11,0.06,-0.01
346,9.25,-0.59,4.65,-0.11,0.06,-0.01
347,9.25,-0.6,4.65,-0.11,0.06,-0.01
348,9.25,-0.6,4.65,-0.11,0.06,-0.01
349,9.25,-0.6,4.65,-0.11,0.05,-0.01
350,9.25,-0.6,4.65,-0.11,0.05,-0.01
351,9.25,-0.6,4.65,-0.11,0.05,-0.01
352,9.25,-0.6,4.65,-0.11,0.05,-0.01
353,9.25,-0.6,4.65,-0.11,0.05,-0.01
354,9.25,-0.6,4.65,-0.11,0.05,-0.01
355,9.25,-0.6,4.65,-0.11,0.05,-0.01
356,9.25,-0.6,4.65,-0.11,0.05,-0.01
357,9.25,-0.6,4.65,-0.11,0.05,-0.01
358,9.25,-0.6,4.65,-0.11,0.05,-0.01
359,9.25,-0.6,4.65,-0.11,0.05,-0.01
360,9.25,-0.6,4.65,-0.11,0.05,-0.01
361,9.25,-0.6,4.65,-0.11,0.05,-0.01
362,9.25,-0.6,4.65,-0.11,0.05,-0.01
363,9.25,-0.6,4.65,-0.11,0.05,-0.01
364,9.25,-0.6,4.65,-0.11,0.05,-0.01
365,9.25,-0.6,4.65,-0.11,0.06,-0.01
366,9.25,-0.6,4.65,-0.11,0.06,-0.01
367,9.25,-0.6,4.65,-0.11,0.06,-0.01
368,9.25,-0.6,4.65,-0.11,0.06,-0.01
369,9.25,-0.6,4.65,-0.11,0.06,-0.01
370,9.25,-0.6,4.65,-0.11,0.06,-0.01
371,9.25,-0.6,4.65,-0.11,0.06,-0.01
372,9.25,-0.6,4.65,-0.11,0.06,-0.01
373,9.25,-0.6,4.65,-0.11,0.06,-0.01
374,9.25,-0.6,4.65,-0.11,0.05,-0.01
375,9.25,-0.6,4.65,-0.11,0.05,-0.01
376,9.25,-0.6,4.65,-0.11,0.05,-0.01
377,9.25,-0.59,4.65,-0.11,0.05,-0.01
378,9.25,-0.59,4.65,-0.11,0.05,-0.01
379,9.25,-0.59,4.65,-0.11,0.05,-0.01
380,9.25,-0.59,4.65,-0.11,0.05,-0.01
381,9.25,-0.59,4.65,-0.11,0.05,-0.01
382,9.25,-0.6,4.65,-0.11,0.05,-0.01
383,9.25,-0.6,4.65,-0.11,0.05,-0.01
384,9.25,-0.6,4.65,-0.11,0.05,-0.01
385,9.25,-0.6,4.65,-0.11,0.05,-0.01
386,9.25,-0.6,4.64,-0.11,0.05,-0.01
387,9.25,-0.6,4.64,-0.11,0.05,-0.01
388,9.25,-0.6,4.64,-0.11,0.05,-0.01
389,9.26,-0.6,4.64,-0.11,0.05,-0.01
390,9.26,-0.6,4.64,-0.11,0.05,-0.01
391,9.26,-0.6,4.63,-0.11,0.05,-0.01
392,9.26,-0.6,4.63,-0.11,0.05,-0.01
393,9.26,-0.6,4.63,-0.11,0.05,-0.01
394,9.26,-0.6,4.63,-0.11,0.05,-0.01
395,9.26,-0.6,4.62,-0.11,0.05,-0.01
396,9.26,-0.6,4.62,-0.11,0.05,-0.01
397,9.27,-0.6,4.62,-0.11,0.05,-0.01
398,9.27,-0.6,4.61,-0.11,0.05,-0.01
399,9.27,-0.6,4.61,-0.11,0.05,-0.01
400,9.27,-0.6,4.61,-0.11,0.05,-0.01
401,9.27,-0.6,4.6,-0.11,0.05,-0.01
402,9.27,-0.6,4.6,-0.11,0.05,-0.01
403,9.27,-0.6,4.6,-0.11,0.05,-0.01
404,9.27,-0.6,4.59,-0.11,0.05,-0.01
405,9.28,-0.6,4.59,-0.11,0.05,-0.01
406,9.28,-0.6,4.59,-0.11,0.05,-0.01
407,9.28,-0.6,4.58,-0.11,0.05,-0.01
408,9.28,-0.6,4.58,-0.11,0.05,-0.01
409,9.28,-0.6,4.58,-0.11,0.05,-0.01
410,9.28,-0.6,4.58,-0.11,0.05,-0.01
411,9.28,-0.6,4.58,-0.11,0.05,-0.01
412,9.28,-0.6,4.58,-0.11,0.05,-0.01
413,9.28,-0.6,4.57,-0.11,0.05,-0.01
414,9.28,-0.6,4.57,-0.11,0.05,-0.01
415,9.28,-0.6,4.57,-0.11,0.06,-0.01
416,9.28,-0.6,4.57,-0.11,0.06,-0.01
417,9.28,-0.6,4.58,-0.11,0.06,-0.01
418,9.28,-0.6,4.58,-0.11,0.06,-0.01
419,9.28,-0.6,4.58,-0.11,0.06,-0.01
420,9.28,-0.6,4.58,-0.11,0.06,-0.01
421,9.28,-0.6,4.58,-0.11,0.06,-0.01
422,9.27,-0.6,4.59,-0.11,0.06,-0.01
423,9.27,-0.6,4.59,-0.11,0.07,-0.01
424,9.27,-0.6,4.59,-0.11,0.07,-0.01
425,9.27,-0.6,4.6,-0.11,0.07,-0.01
426,9.27,-0.6,4.6,-0.11,0.07,-0.01
427,9.27,-0.6,4.61,-0.11,0.07,-0.01
428,9.27,-0.6,4.61,-0.11,0.07,-0.01
429,9.26,-0.6,4.61,-0.11,0.07,-0.01
430,9.26,-0.6,4.62,-0.11,0.07,-0.01
431,9.26,-0.6,4.62,-0.11,0.07,-0.01
432,9.26,-0.6,4.63,-0.11,0.07,-0.01
433,9.26,-0.6,4.63,-0.11,0.07,-0.01
434,9.26,-0.6,4.63,-0.11,0.06,-0.01
435,9.26,-0.6,4.64,-0.11,0.06,-0.01
436,9.26,-0.6,4.64,-0.11,0.06,-0.01
437,9.26,-0.6,4.64,-0.11,0.06,-0.01
438,9.25,-0.6,4.65,-0.11,0.06,-0.01
439,9.25,-0.6,4.65,-0.11,0.06,-0.01
440,9.25,-0.6,4.65,-0.11,0.06,-0.01
441,9.25,-0.6,4.65,-0.11,0.06,-0.01
442,9.25,-0.6,4.65,-0.11,0.06,-0.01
443,9.25,-0.6,4.65,-0.11,0.06,-0.01
444,9.25,-0.6,4.65,-0.11,0.06,-0.01
445,9.25,-0.6,4.65,-0.11,0.06,-0.01
446,9.25,-0.6,4.66,-0.11,0.05,-0.01
447,9.25,-0.6,4.65,-0.11,0.05,-0.01
448,9.25,-0.6,4.65,-0.11,0.05,-0.01
449,9.25,-0.6,4.65,-0.11,0.05,-0.01
450,9.25,-0.6,4.65,-0.11,0.05,-0.01
451,9.25,-0.6,4.65,-0.11,0.05,-0.01
452,9.25,-0.6,4.65,-0.11,0.05,-0.01
453,9.25,-0.6,4.65,-0.11,0.05,-0.01
454,9.25,-0.6,4.65,-0.11,0.05,-0.01
455,9.25,-0.6,4.65,-0.11,0.05,-0.01
456,9.25,-0.6,4.65,-0.11,0.05,-0.01
457,9.25,-0.6,4.65,-0.11,0.05,-0.01
458,9.25,-0.6,4.65,-0.11,0.05,-0.01
459,9.25,-0.6,4.65,-0.11,0.05,-0.01
460,9.25,-0.6,4.65,-0.11,0.05,-0.01
461,9.25,-0.6,4.65,-0.11,0.05,-0.01
462,9.25,-0.6,4.65,-0.11,0.05,-0.01
463,9.25,-0.6,4.65,-0.11,0.05,-0.01
464,9.25,-0.6,4.64,-0.11,0.05,-0.01
465,9.25,-0.6,4.64,-0.11,0.05,-0.01
466,9.25,-0.6,4.64,-0.11,0.05,-0.01
467,9.25,-0.6,4.64,-0.11,0.05,-0.01
468,9.25,-0.6,4.64,-0.11,0.05,-0.01
469,9.25,-0.6,4.64,-0.11,0.05,-0.01
470,9.25,-0.6,4.64,-0.11,0.05,-0.01
471,9.25,-0.6,4.64,-0.11,0.05,-0.01
472,9.25,-0.6,4.64,-0.11,0.05,-0.01
473,9.25,-0.6,4.64,-0.11,0.05,-0.01
474,9.25,-0.6,4.64,-0.11,0.05,-0.01
475,9.25,-0.6,4.64,-0.11,0.05,-0.01
476,9.26,-0.6,4.64,-0.11,0.05,-0.01
477,9.26,-0.6,4.63,-0.11,0.05,-0.01
478,9.26,-0.6,4.63,-0.11,0.05,-0.01
479,9.26,-0.6,4.63,-0.11,0.05,-0.01
480,9.26,-0.6,4.63,-0.11,0.05,-0.01
481,9.26,-0.6,4.62,-0.11,0.05,-0.01
482,9.26,-0.6,4.62,-0.11,0.05,-0.01
483,9.26,-0.6,4.62,-0.11,0.05,-0.01
484,9.27,-0.6,4.62,-0.11,0.05,-0.01
485,9.27,-0.6,4.61,-0.11,0.05,-0.01
486,9.27,-0.6,4.61,-0.11,0.04,-0.01
487,9.27,-0.6,4.61,-0.11,0.04,-0.01
488,9.27,-0.6,4.6,-0.11,0.05,-0.01
489,9.27,-0.6,4.6,-0.11,0.05,-0.01
490,9.27,-0.6,4.6,-0.11,0.05,-0.01
491,9.27,-0.6,4.59,-0.11,0.05,-0.01
492,9.27,-0.6,4.59,-0.11,0.05,-0.01
493,9.28,-0.6,4.59,-0.11,0.05,-0.01
494,9.28,-0.6,4.58,-0.11,0.05,-0.01
495,9.28,-0.6,4.58,-0.11,0.05,-0.01
496,9.28,-0.6,4.58,-0.11,0.05,-0.01
497,9.28,-0.6,4.57,-0.11,0.05,-0.01
498,9.28,-0.6,4.57,-0.11,0.05,-0.01
499,9.28,-0.6,4.57,-0.11,0.05,-0.01
500,9.28,-0.6,4.57,-0.11,0.05,-0.01
501,9.28,-0.6,4.57,-0.11,0.05,-0.01
502,9.28,-0.6,4.57,-0.11,0.05,-0.01
503,9.28,-0.6,4.57,-0.11,0.05,-0.01
504,9.28,-0.6,4.57,-0.11,0.06,-0.01
505,9.28,-0.6,4.57,-0.11,0.06,-0.01
506,9.28,-0.6,4.57,-0.11,0.06,-0.01
507,9.28,-0.6,4.57,-0.11,0.06,-0.01
508,9.28,-0.6,4.57,-0.11,0.06,-0.01
509,9.28,-0.6,4.57,-0.11,0.06,-0.01
510,9.28,-0.6,4.57,-0.11,0.06,-0.01
511,9.28,-0.6,4.58,-0.11,0.06,-0.01
512,9.28,-0.6,4.58,-0.11,0.06,-0.01
513,9.28,-0.6,4.58,-0.11,0.06,-0.01
514,9.28,-0.6,4.59,-0.11,0.06,-0.01
515,9.28,-0.61,4.59,-0.11,0.06,-0.01
516,9.27,-0.61,4.59,-0.11,0.06,-0.01
517,9.27,-0.61,4.6,-0.11,0.06,-0.01
518,9.27,-0.61,4.6,-0.11,0.06,-0.01
519,9.27,-0.61,4.61,-0.11,0.06,-0.01
520,9.27,-0.61,4.61,-0.11,0.06,-0.01
521,9.27,-0.61,4.61,-0.11,0.06,-0.01
522,9.27,-0.61,4.62,-0.11,0.06,-0.01
523,9.26,-0.61,4.62,-0.11,0.06,-0.01
524,9.26,-0.61,4.62,-0.11,0.06,-0.01
525,9.26,-0.61,4.63,-0.11,0.06,-0.01
526,9.26,-0.61,4.63,-0.11,0.06,-0.01
527,9.26,-0.61,4.63,-0.11,0.06,-0.01
528,9.26,-0.61,4.64,-0.11,0.06,-0.01
529,9.26,-0.61,4.64,-0.11,0.06,-0.01
530,9.26,-0.61,4.64,-0.11,0.06,-0.01
531,9.26,-0.61,4.64,-0.11,0.06,-0.01
532,9.26,-0.6,4.64,-0.11,0.06,-0.01
533,9.25,-0.6,4.65,-0.11,0.06,-0.01
534,9.25,-0.6,4.65,-0.11,0.06,-0.01
535,9.25,-0.6,4.65,-0.11,0.06,-0.01
536,9.25,-0.6,4.65,-0.11,0.06,-0.01
537,9.25,-0.6,4.65,-0.11,0.06,-0.01
538,9.25,-0.6,4.65,-0.11,0.06,-0.01
539,9.25,-0.6,4.65,-0.11,0.05,-0.01
540,9.25,-0.6,4.65,-0.11,0.05,-0.01
541,9.25,-0.6,4.65,-0.11,0.05,-0.01
542,9.25,-0.6,4.64,-0.11,0.05,-0.01
543,9.25,-0.6,4.64,-0.11,0.05,-0.01
544,9.25,-0.6,4.64,-0.11,0.05,-0.01
545,9.25,-0.6,4.64,-0.11,0.05,-0.01
546,9.25,-0.6,4.64,-0.11,0.05,-0.01
547,9.25,-0.6,4.64,-0.11,0.05,-0.01
548,9.25,-0.6,4.64,-0.11,0.05,-0.01
549,9.25,-0.6,4.64,-0.11,0.05,-0.01
550,9.25,-0.6,4.64,-0.11,0.05,-0.01
551,9.25,-0.6,4.64,-0.11,0.05,-0.01
552,9.25,-0.6,4.64,-0.11,0.05,-0.01
553,9.25,-0.6,4.64,-0.11,0.05,-0.01
554,9.25,-0.6,4.64,-0.11,0.05,-0.01
555,9.25,-0.6,4.64,-0.11,0.05,-0.01
556,9.26,-0.6,4.64,-0.11,0.05,-0.01
557,9.26,-0.61,4.64,-0.11,0.05,-0.01
558,9.26,-0.61,4.64,-0.11,0.05,-0.01
559,9.26,-0.61,4.64,-0.11,0.05,-0.01
560,9.26,-0.61,4.63,-0.11,0.05,-0.01
561,9.26,-0.61,4.63,-0.11,0.05,-0.01
562,9.26,-0.61,4.63,-0.11,0.05,-0.01
563,9.26,-0.61,4.63,-0.11,0.05,-0.01
564,9.26,-0.61,4.63,-0.11,0.05,-0.01
565,9.26,-0.61,4.63,-0.11,0.05,-0.01
566,9.26,-0.61,4.63,-0.11,0.05,-0.01
567,9.26,-0.61,4.63,-0.11,0.05,-0.01
568,9.26,-0.61,4.62,-0.11,0.05,-0.01
569,9.27,-0.61,4.62,-0.11,0.05,-0.01
570,9.27,-0.61,4.62,-0.11,0.05,-0.01
571,9.27,-0.61,4.62,-0.11,0.05,-0.01
572,9.27,-0.61,4.61,-0.11,0.05,-0.01
573,9.27,-0.61,4.61,-0.11,0.05,-0.01
574,9.27,-0.61,4.61,-0.11,0.05,-0.01
575,9.27,-0.61,4.6,-0.11,0.05,-0.01
576,9.27,-0.61,4.6,-0.11,0.05,-0.01
577,9.28,-0.61,4.59,-0.11,0.05,-0.01
578,9.28,-0.61,4.59,-0.11,0.05,-0.01
579,9.28,-0.61,4.59,-0.11,0.05,-0.01
580,9.28,-0.61,4.58,-0.11,0.05,-0.01
581,9.28,-0.61,4.58,-0.11,0.05,-0.01
582,9.28,-0.61,4.58,-0.11,0.05,-0.01
583,9.28,-0.61,4.57,-0.11,0.05,-0.01
584,9.28,-0.61,4.57,-0.11,0.05,-0.01
585,9.28,-0.61,4.57,-0.11,0.05,-0.01
586,9.28,-0.61,4.57,-0.11,0.05,-0.01
587,9.28,-0.61,4.57,-0.11,0.05,-0.01
588,9.28,-0.61,4.57,-0.11,0.05,-0.01
589,9.28,-0.61,4.56,-0.11,0.05,-0.01
590,9.28,-0.6,4.56,-0.11,0.06,-0.01
591,9.28,-0.6,4.57,-0.11,0.06,-0.01
592,9.28,-0.6,4.57,-0.11,0.06,-0.01
593,9.28,-0.6,4.57,-0.11,0.06,-0.01
594,9.28,-0.6,4.57,-0.11,0.06,-0.01
595,9.28,-0.6,4.57,-0.11,0.06,-0.01
596,9.27,-0.6,4.58,-0.11,0.06,-0.01
597,9.27,-0.6,4.58,-0.11,0.06,-0.01
598,9.27,-0.6,4.58,-0.11,0.06,-0.01
599,9.27,-0.6,4.59,-0.11,0.06,-0.01
600,9.27,-0.6,4.59,-0.11,0.07,-0.01
601,9.27,-0.6,4.59,-0.11,0.07,-0.01
602,9.27,-0.6,4.6,-0.11,0.07,-0.01
603,9.27,-0.6,4.6,-0.11,0.07,-0.01
604,9.27,-0.6,4.61,-0.11,0.07,-0.01
605,9.26,-0.6,4.61,-0.11,0.07,-0.01
606,9.26,-0.6,4.61,-0.11,0.07,-0.01
607,9.26,-0.6,4.62,-0.11,0.07,-0.01
608,9.26,-0.61,4.62,-0.11,0.07,-0.01
609,9.26,-0.61,4.63,-0.11,0.06,-0.01
610,9.26,-0.61,4.63,-0.11,0.06,-0.01
611,9.26,-0.61,4.63,-0.11,0.06,-0.01
612,9.26,-0.61,4.63,-0.11,0.06,-0.01
613,9.26,-0.61,4.64,-0.11,0.06,-0.01
614,9.26,-0.61,4.64,-0.11,0.06,-0.01
615,9.26,-0.61,4.64,-0.11,0.06,-0.01
616,9.26,-0.61,4.64,-0.11,0.06,-0.01
617,9.26,-0.61,4.64,-0.11,0.06,-0.01
618,9.25,-0.61,4.64,-0.11,0.06,-0.01
619,9.25,-0.61,4.64,-0.11,0.06,-0.01
620,9.25,-0.61,4.65,-0.11,0.06,-0.01
621,9.25,-0.61,4.65,-0.11,0.06,-0.01
622,9.25,-0.61,4.65,-0.11,0.06,-0.01
623,9.25,-0.61,4.65,-0.11,0.06,-0.01
624,9.25,-0.61,4.65,-0.11,0.06,-0.01
625,9.25,-0.61,4.65,-0.11,0.06,-0.01
626,9.25,-0.61,4.65,-0.11,0.06,-0.01
627,9.25,-0.61,4.65,-0.11,0.06,-0.01
628,9.25,-0.61,4.64,-0.11,0.05,-0.01
629,9.25,-0.61,4.64,-0.11,0.05,-0.01
630,9.25,-0.61,4.64,-0.11,0.05,-0.01
631,9.25,-0.61,4.64,-0.11,0.05,-0.01
632,9.25,-0.61,4.64,-0.11,0.05,-0.01
633,9.25,-0.61,4.64,-0.11,0.05,-0.01
634,9.25,-0.61,4.64,-0.11,0.05,-0.01
635,9.25,-0.61,4.64,-0.11,0.05,-0.01
636,9.25,-0.61,4.64,-0.11,0.05,-0.01
637,9.25,-0.61,4.64,-0.11,0.05,-0.01
638,9.25,-0.61,4.64,-0.11,0.05,-0.01
639,9.25,-0.61,4.64,-0.11,0.05,-0.01
640,9.25,-0.61,4.64,-0.11,0.05,-0.01
641,9.25,-0.61,4.64,-0.11,0.05,-0.01
642,9.25,-0.61,4.64,-0.11,0.05,-0.01
643,9.25,-0.61,4.64,-0.11,0.05,-0.01
644,9.25,-0.61,4.64,-0.11,0.05,-0.01
645,9.25,-0.61,4.64,-0.11,0.05,-0.01
646,9.25,-0.61,4.64,-0.11,0.05,-0.01
647,9.25,-0.61,4.64,-0.11,0.05,-0.01
648,9.25,-0.61,4.64,-0.11,0.05,-0.01
649,9.25,-0.61,4.64,-0.11,0.05,-0.01
650,9.25,-0.61,4.64,-0.11,0.05,-0.01
651,9.25,-0.61,4.63,-0.11,0.05,-0.01
652,9.26,-0.61,4.63,-0.11,0.05,-0.01
653,9.26,-0.61,4.63,-0.11,0.05,-0.01
654,9.26,-0.61,4.63,-0.11,0.05,-0.01
655,9.26,-0.61,4.63,-0.11,0.05,-0.01
656,9.26,-0.61,4.63,-0.11,0.05,-0.01
657,9.26,-0.61,4.62,-0.11,0.05,-0.01
658,9.26,-0.61,4.62,-0.11,0.05,-0.01
659,9.26,-0.61,4.62,-0.11,0.05,-0.01
660,9.26,-0.61,4.62,-0.11,0.05,-0.01
661,9.27,-0.61,4.62,-0.11,0.05,-0.01
662,9.27,-0.61,4.61,-0.11,0.05,-0.01
663,9.27,-0.61,4.61,-0.11,0.05,-0.01
664,9.27,-0.61,4.61,-0.11,0.05,-0.01
665,9.27,-0.61,4.6,-0.11,0.05,-0.01
666,9.27,-0.61,4.6,-0.11,0.05,-0.01
667,9.27,-0.61,4.6,-0.11,0.05,-0.01
668,9.28,-0.61,4.59,-0.11,0.05,-0.01
669,9.28,-0.61,4.59,-0.11,0.05,-0.01
670,9.28,-0.61,4.59,-0.11,0.05,-0.01
671,9.28,-0.61,4.58,-0.11,0.05,-0.01
672,9.28,-0.61,4.58,-0.11,0.05,-0.01
673,9.28,-0.61,4.58,-0.11,0.05,-0.01
674,9.28,-0.61,4.57,-0.11,0.05,-0.01
675,9.29,-0.61,4.57,-0.11,0.05,-0.01
676,9.29,-0.61,4.57,-0.11,0.05,-0.01
677,9.29,-0.61,4.57,-0.11,0.05,-0.01
678,9.29,-0.61,4.56,-0.11,0.05,-0.01
679,9.29,-0.61,4.56,-0.11,0.05,-0.01
680,9.29,-0.61,4.56,-0.11,0.05,-0.01
681,9.29,-0.61,4.56,-0.11,0.05,-0.01
682,9.29,-0.61,4.56,-0.11,0.06,-0.01
683,9.29,-0.61,4.56,-0.11,0.06,-0.01
684,9.29,-0.61,4.56,-0.11,0.06,-0.01
685,9.29,-0.61,4.56,-0.11,0.06,-0.01
686,9.29,-0.61,4.57,-0.11,0.06,-0.01
687,9.28,-0.61,4.57,-0.11,0.06,-0.01
688,9.28,-0.61,4.57,-0.11,0.06,-0.01
689,9.28,-0.61,4.57,-0.11,0.06,-0.01
690,9.28,-0.61,4.58,-0.11,0.06,-0.01
691,9.28,-0.61,4.58,-0.11,0.07,-0.01
692,9.28,-0.61,4.58,-0.11,0.07,-0.01
693,9.27,-0.61,4.59,-0.11,0.07,-0.01
694,9.27,-0.61,4.59,-0.11,0.07,-0.01
695,9.27,-0.61,4.6,-0.11,0.07,-0.01
696,9.27,-0.61,4.6,-0.11,0.07,-0.01
697,9.27,-0.61,4.61,-0.11,0.07,-0.01
698,9.27,-0.61,4.61,-0.11,0.07,-0.01
699,9.26,-0.61,4.62,-0.11,0.07,-0.01
700,9.26,-0.61,4.62,-0.11,0.07,-0.01
701,9.26,-0.61,4.62,-0.11,0.07,-0.01
702,9.26,-0.61,4.63,-0.11,0.06,-0.01
703,9.26,-0.61,4.63,-0.11,0.06,-0.01
704,9.26,-0.61,4.64,-0.11,0.06,-0.01
705,9.25,-0.61,4.64,-0.11,0.06,-0.01
706,9.25,-0.61,4.64,-0.11,0.06,-0.01
707,9.25,-0.61,4.65,-0.11,0.06,-0.01
708,9.25,-0.61,4.65,-0.11,0.06,-0.01
709,9.25,-0.61,4.65,-0.11,0.06,-0.01
710,9.25,-0.61,4.65,-0.11,0.06,-0.01
711,9.25,-0.61,4.65,-0.11,0.06,-0.01
712,9.25,-0.61,4.65,-0.11,0.06,-0.01
713,9.25,-0.61,4.65,-0.11,0.06,-0.01
714,9.25,-0.61,4.65,-0.11,0.06,-0.01
715,9.25,-0.61,4.65,-0.11,0.06,-0.01
716,9.25,-0.61,4.65,-0.11,0.05,-0.01
717,9.25,-0.61,4.65,-0.11,0.05,-0.01
718,9.25,-0.61,4.65,-0.11,0.05,-0.01
719,9.25,-0.61,4.65,-0.11,0.05,-0.01
720,9.25,-0.61,4.65,-0.11,0.05,-0.01
721,9.25,-0.61,4.65,-0.11,0.05,-0.01
722,9.25,-0.61,4.65,-0.11,0.05,-0.01
723,9.25,-0.61,4.65,-0.11,0.05,-0.01
724,9.25,-0.61,4.65,-0.11,0.05,-0.01
725,9.25,-0.61,4.65,-0.11,0.05,-0.01
726,9.25,-0.61,4.65,-0.11,0.05,-0.01
727,9.25,-0.61,4.65,-0.11,0.05,-0.01
728,9.25,-0.61,4.65,-0.11,0.05,-0.01
729,9.25,-0.61,4.65,-0.11,0.05,-0.01
730,9.25,-0.61,4.65,-0.11,0.05,-0.01
731,9.25,-0.61,4.65,-0.11,0.05,-0.01
732,9.25,-0.61,4.65,-0.11,0.05,-0.01
733,9.25,-0.61,4.65,-0.11,0.05,-0.01
734,9.25,-0.61,4.65,-0.11,0.05,-0.01
735,9.25,-0.62,4.64,-0.11,0.05,-0.01
736,9.25,-0.62,4.64,-0.11,0.05,-0.01
737,9.25,-0.62,4.64,-0.11,0.05,-0.01
738,9.25,-0.62,4.64,-0.11,0.05,-0.01
739,9.26,-0.62,4.64,-0.11,0.05,-0.01
740,9.26,-0.62,4.64,-0.11,0.05,-0.01
741,9.26,-0.62,4.64,-0.11,0.05,-0.01
742,9.26,-0.62,4.64,-0.11,0.05,-0.01
743,9.26,-0.62,4.64,-0.11,0.05,-0.01
744,9.26,-0.62,4.64,-0.11,0.05,-0.01
745,9.26,-0.62,4.63,-0.11,0.05,-0.01
746,9.26,-0.62,4.63,-0.11,0.05,-0.01
747,9.26,-0.62,4.63,-0.11,0.05,-0.01
748,9.26,-0.62,4.63,-0.11,0.05,-0.01
749,9.27,-0.62,4.62,-0.11,0.05,-0.01
750,9.27,-0.62,4.62,-0.11,0.05,-0.01
751,9.27,-0.61,4.62,-0.11,0.05,-0.01
752,9.27,-0.61,4.61,-0.11,0.04,-0.01
753,9.27,-0.61,4.61,-0.11,0.04,-0.01
754,9.27,-0.61,4.61,-0.11,0.04,-0.01
755,9.27,-0.61,4.6,-0.11,0.04,-0.01
756,9.27,-0.61,4.6,-0.11,0.04,-0.01
757,9.28,-0.61,4.59,-0.11,0.04,-0.01
758,9.28,-0.61,4.59,-0.11,0.04,-0.01
759,9.28,-0.61,4.59,-0.11,0.04,-0.01
760,9.28,-0.61,4.58,-0.11,0.04,-0.01
761,9.28,-0.61,4.58,-0.11,0.05,-0.01
762,9.28,-0.61,4.57,-0.11,0.05,-0.01
763,9.28,-0.61,4.57,-0.11,0.05,-0.01
764,9.28,-0.61,4.57,-0.11,0.05,-0.01
765,9.28,-0.61,4.57,-0.11,0.05,-0.01
766,9.28,-0.61,4.56,-0.11,0.05,-0.01
767,9.28,-0.61,4.56,-0.11,0.05,-0.01
768,9.28,-0.61,4.56,-0.11,0.05,-0.01
769,9.29,-0.61,4.56,-0.11,0.05,-0.01
770,9.29,-0.61,4.56,-0.11,0.05,-0.01
771,9.29,-0.61,4.56,-0.11,0.05,-0.01
772,9.28,-0.61,4.56,-0.11,0.06,-0.01
773,9.28,-0.61,4.56,-0.11,0.06,-0.01
774,9.28,-0.61,4.56,-0.11,0.06,-0.01
775,9.28,-0.61,4.56,-0.11,0.06,-0.01
776,9.28,-0.61,4.56,-0.11,0.06,-0.01
777,9.28,-0.61,4.56,-0.11,0.06,-0.01
778,9.28,-0.61,4.57,-0.11,0.06,-0.01
779,9.28,-0.61,4.57,-0.11,0.06,-0.01
780,9.28,-0.61,4.57,-0.11,0.06,-0.01
781,9.28,-0.61,4.57,-0.11,0.06,-0.01
782,9.28,-0.61,4.58,-0.11,0.06,-0.01
783,9.28,-0.61,4.58,-0.11,0.07,-0.01
784,9.27,-0.61,4.59,-0.11,0.07,-0.01
785,9.27,-0.61,4.59,-0.11,0.07,-0.01
786,9.27,-0.61,4.59,-0.11,0.07,-0.01
787,9.27,-0.62,4.6,-0.11,0.07,-0.01
788,9.27,-0.62,4.6,-0.11,0.07,-0.01
789,9.27,-0.62,4.61,-0.11,0.07,-0.01
790,9.27,-0.62,4.61,-0.11,0.07,-0.01
791,9.26,-0.62,4.61,-0.11,0.06,-0.01
792,9.26,-0.62,4.62,-0.11,0.06,-0.01
793,9.26,-0.62,4.62,-0.11,0.06,-0.01
794,9.26,-0.62,4.63,-0.11,0.06,-0.01
795,9.26,-0.62,4.63,-0.11,0.06,-0.01
796,9.26,-0.62,4.63,-0.11,0.06,-0.01
797,9.26,-0.62,4.64,-0.11,0.06,-0.01
798,9.25,-0.62,4.64,-0.11,0.06,-0.01
799,9.25,-0.62,4.64,-0.11,0.06,-0.01
800,9.25,-0.62,4.64,-0.11,0.06,-0.01
801,9.25,-0.62,4.64,-0.11,0.06,-0.01
802,9.25,-0.62,4.65,-0.11,0.06,-0.01
803,9.25,-0.62,4.65,-0.11,0.06,-0.01
804,9.25,-0.61,4.65,-0.11,0.06,-0.01
805,9.25,-0.61,4.65,-0.11,0.06,-0.01
806,9.25,-0.61,4.65,-0.11,0.06,-0.01
807,9.25,-0.61,4.65,-0.11,0.06,-0.01
808,9.25,-0.61,4.65,-0.11,0.06,-0.01
809,9.25,-0.61,4.65,-0.11,0.06,-0.01
810,9.25,-0.61,4.65,-0.11,0.06,-0.01
811,9.25,-0.61,4.65,-0.11,0.05,-0.01
812,9.25,-0.61,4.65,-0.11,0.05,-0.01
813,9.25,-0.61,4.65,-0.11,0.05,-0.01
814,9.25,-0.61,4.65,-0.11,0.05,-0.01
815,9.25,-0.61,4.65,-0.11,0.05,-0.01
816,9.25,-0.61,4.65,-0.11,0.05,-0.01
817,9.25,-0.61,4.65,-0.11,0.05,-0.01
818,9.25,-0.61,4.65,-0.11,0.05,-0.01
819,9.25,-0.61,4.65,-0.11,0.05,-0.01
820,9.25,-0.61,4.65,-0.11,0.05,-0.01
821,9.25,-0.61,4.65,-0.11,0.05,-0.01
822,9.25,-0.61,4.65,-0.11,0.05,-0.01
823,9.25,-0.61,4.65,-0.11,0.05,-0.01
824,9.25,-0.61,4.65,-0.11,0.05,-0.01
825,9.25,-0.61,4.65,-0.11,0.05,-0.01
826,9.25,-0.61,4.65,-0.11,0.05,-0.01
827,9.25,-0.61,4.65,-0.11,0.05,-0.01
828,9.25,-0.61,4.65,-0.11,0.05,-0.01
829,9.25,-0.62,4.65,-0.11,0.05,-0.01
830,9.25,-0.62,4.65,-0.11,0.05,-0.01
831,9.25,-0.62,4.65,-0.11,0.05,-0.01
832,9.25,-0.62,4.65,-0.11,0.05,-0.01
833,9.25,-0.62,4.64,-0.11,0.05,-0.01
834,9.25,-0.62,4.64,-0.11,0.05,-0.01
835,9.26,-0.62,4.64,-0.11,0.05,-0.01
836,9.26,-0.62,4.64,-0.11,0.05,-0.01
837,9.26,-0.62,4.64,-0.11,0.05,-0.01
838,9.26,-0.62,4.64,-0.11,0.05,-0.01
839,9.26,-0.62,4.63,-0.11,0.05,-0.01
840,9.26,-0.62,4.63,-0.11,0.05,-0.01
841,9.26,-0.62,4.63,-0.11,0.05,-0.01
842,9.26,-0.62,4.63,-0.11,0.05,-0.01
843,9.26,-0.62,4.62,-0.11,0.05,-0.01
844,9.26,-0.62,4.62,-0.11,0.05,-0.01
845,9.26,-0.62,4.62,-0.11,0.05,-0.01
846,9.27,-0.62,4.61,-0.11,0.05,-0.01
847,9.27,-0.62,4.61,-0.11,0.05,-0.01
848,9.27,-0.62,4.61,-0.11,0.05,-0.01
849,9.27,-0.62,4.6,-0.11,0.05,-0.01
850,9.27,-0.62,4.6,-0.11,0.05,-0.01
851,9.27,-0.62,4.59,-0.11,0.05,-0.01
852,9.27,-0.62,4.59,-0.11,0.05,-0.01
853,9.27,-0.62,4.59,-0.11,0.05,-0.01
854,9.28,-0.62,4.58,-0.11,0.05,-0.01
855,9.28,-0.62,4.58,-0.11,0.05,-0.01
856,9.28,-0.62,4.58,-0.11,0.05,-0.01
857,9.28,-0.62,4.57,-0.11,0.05,-0.01
858,9.28,-0.62,4.57,-0.11,0.05,-0.01
859,9.28,-0.62,4.57,-0.11,0.05,-0.01
860,9.28,-0.62,4.57,-0.11,0.05,-0.01
861,9.28,-0.62,4.57,-0.11,0.05,-0.01
862,9.28,-0.62,4.56,-0.11,0.05,-0.01
863,9.28,-0.62,4.56,-0.11,0.05,-0.01
864,9.28,-0.62,4.56,-0.11,0.05,-0.01
865,9.28,-0.62,4.56,-0.11,0.06,-0.01
866,9.28,-0.62,4.56,-0.11,0.06,-0.01
867,9.28,-0.62,4.56,-0.11,0.06,-0.01
868,9.28,-0.62,4.57,-0.11,0.06,-0.01
869,9.28,-0.62,4.57,-0.11,0.06,-0.01
870,9.28,-0.62,4.57,-0.11,0.06,-0.01
871,9.28,-0.62,4.57,-0.11,0.06,-0.01
872,9.28,-0.62,4.58,-0.11,0.06,-0.01
873,9.28,-0.62,4.58,-0.11,0.06,-0.01
874,9.28,-0.62,4.58,-0.11,0.06,-0.01
875,9.28,-0.62,4.59,-0.11,0.06,-0.01
876,9.28,-0.62,4.59,-0.11,0.07,-0.01
877,9.27,-0.62,4.59,-0.11,0.07,-0.01
878,9.27,-0.62,4.6,-0.11,0.07,-0.01
879,9.27,-0.62,4.6,-0.11,0.07,-0.01
880,9.27,-0.62,4.61,-0.11,0.07,-0.01
881,9.27,-0.62,4.61,-0.11,0.07,-0.01
882,9.27,-0.62,4.62,-0.11,0.07,-0.01
883,9.26,-0.62,4.62,-0.11,0.07,-0.01
884,9.26,-0.62,4.62,-0.11,0.07,-0.01
885,9.26,-0.62,4.63,-0.11,0.06,-0.01
886,9.26,-0.62,4.63,-0.11,0.06,-0.01
887,9.26,-0.62,4.63,-0.11,0.06,-0.01
888,9.26,-0.62,4.64,-0.11,0.06,-0.01
889,9.26,-0.62,4.64,-0.11,0.06,-0.01
890,9.25,-0.62,4.64,-0.11,0.06,-0.01
891,9.25,-0.62,4.64,-0.11,0.06,-0.01
892,9.25,-0.62,4.65,-0.11,0.06,-0.01
893,9.25,-0.62,4.65,-0.11,0.06,-0.01
894,9.25,-0.62,4.65,-0.11,0.06,-0.01
895,9.25,-0.62,4.65,-0.11,0.06,-0.01
896,9.25,-0.62,4.65,-0.11,0.06,-0.01
897,9.25,-0.62,4.65,-0.11,0.06,-0.01
898,9.25,-0.62,4.65,-0.11,0.06,-0.01
899,9.25,-0.62,4.65,-0.11,0.05,-0.01
900,9.25,-0.62,4.65,-0.11,0.05,-0.01
901,9.25,-0.62,4.65,-0.11,0.05,-0.01
902,9.25,-0.62,4.65,-0.11,0.05,-0.01
903,9.25,-0.62,4.65,-0.11,0.05,-0.01
904,9.25,-0.62,4.65,-0.11,0.05,-0.01
905,9.25,-0.62,4.65,-0.11,0.05,-0.01
906,9.25,-0.62,4.65,-0.11,0.05,-0.01
907,9.25,-0.62,4.65,-0.11,0.05,-0.01
908,9.25,-0.62,4.64,-0.11,0.05,-0.01
909,9.25,-0.62,4.64,-0.11,0.05,-0.01
910,9.25,-0.62,4.64,-0.11,0.05,-0.01
911,9.25,-0.62,4.64,-0.11,0.05,-0.01
912,9.25,-0.62,4.64,-0.11,0.05,-0.01
913,9.25,-0.62,4.64,-0.11,0.05,-0.01
914,9.25,-0.62,4.64,-0.11,0.05,-0.01
915,9.25,-0.62,4.64,-0.11,0.06,-0.01
916,9.25,-0.62,4.64,-0.11,0.06,-0.01
917,9.25,-0.62,4.64,-0.11,0.06,-0.01
918,9.25,-0.62,4.64,-0.11,0.06,-0.01
919,9.25,-0.62,4.64,-0.11,0.05,-0.01
920,9.25,-0.62,4.64,-0.11,0.05,-0.01
921,9.25,-0.62,4.64,-0.11,0.05,-0.01
922,9.25,-0.62,4.64,-0.11,0.05,-0.01
923,9.25,-0.62,4.64,-0.11,0.05,-0.01
924,9.25,-0.62,4.64,-0.11,0.05,-0.01
925,9.25,-0.62,4.64,-0.11,0.05,-0.01
926,9.25,-0.62,4.64,-0.11,0.05,-0.01
927,9.25,-0.62,4.64,-0.11,0.05,-0.01
928,9.25,-0.62,4.64,-0.11,0.05,-0.01
929,9.25,-0.62,4.64,-0.11,0.05,-0.01
930,9.26,-0.62,4.64,-0.11,0.05,-0.01
931,9.26,-0.62,4.64,-0.11,0.05,-0.01
932,9.26,-0.63,4.63,-0.11,0.05,-0.01
933,9.26,-0.63,4.63,-0.11,0.05,-0.01
934,9.26,-0.63,4.63,-0.11,0.05,-0.01
935,9.26,-0.63,4.63,-0.11,0.05,-0.01
936,9.26,-0.63,4.62,-0.11,0.04,-0.01
937,9.26,-0.63,4.62,-0.11,0.04,-0.01
938,9.27,-0.63,4.62,-0.11,0.04,-0.01
939,9.27,-0.63,4.61,-0.11,0.04,-0.01
940,9.27,-0.63,4.61,-0.11,0.04,-0.01
941,9.27,-0.63,4.6,-0.11,0.04,-0.01
942,9.27,-0.63,4.6,-0.11,0.04,-0.01
943,9.27,-0.63,4.6,-0.11,0.04,-0.01
944,9.27,-0.62,4.59,-0.11,0.04,-0.01
945,9.27,-0.62,4.59,-0.11,0.04,-0.01
946,9.28,-0.62,4.58,-0.11,0.05,-0.01
947,9.28,-0.62,4.58,-0.11,0.05,-0.01
948,9.28,-0.62,4.58,-0.11,0.05,-0.01
949,9.28,-0.62,4.57,-0.11,0.05,-0.01
950,9.28,-0.62,4.57,-0.11,0.05,-0.01
951,9.28,-0.62,4.57,-0.11,0.05,-0.01
952,9.28,-0.62,4.56,-0.11,0.05,-0.01
953,9.28,-0.62,4.56,-0.11,0.05,-0.01
954,9.28,-0.62,4.56,-0.11,0.05,-0.01
955,9.28,-0.62,4.56,-0.11,0.05,-0.01
956,9.28,-0.62,4.56,-0.11,0.06,-0.01
957,9.28,-0.62,4.56,-0.11,0.06,-0.01
958,9.28,-0.62,4.56,-0.11,0.06,-0.01
959,9.28,-0.62,4.56,-0.11,0.06,-0.01
960,9.28,-0.62,4.56,-0.11,0.06,-0.01
961,9.28,-0.62,4.56,-0.11,0.06,-0.01
962,9.28,-0.62,4.57,-0.11,0.06,-0.01
963,9.28,-0.62,4.57,-0.11,0.06,-0.01
964,9.28,-0.62,4.57,-0.11,0.06,-0.01
965,9.28,-0.62,4.58,-0.11,0.06,-0.01
966,9.28,-0.62,4.58,-0.11,0.06,-0.01
967,9.28,-0.62,4.58,-0.11,0.06,-0.01
968,9.27,-0.62,4.59,-0.11,0.07,-0.01
969,9.27,-0.62,4.59,-0.11,0.07,-0.01
970,9.27,-0.62,4.6,-0.11,0.07,-0.01
971,9.27,-0.62,4.6,-0.11,0.07,-0.01
972,9.27,-0.62,4.6,-0.11,0.07,-0.01
973,9.27,-0.62,4.61,-0.11,0.07,-0.01
974,9.27,-0.62,4.61,-0.11,0.07,-0.01
975,9.26,-0.62,4.62,-0.11,0.06,-0.01
976,9.26,-0.62,4.62,-0.11,0.06,-0.01
977,9.26,-0.62,4.62,-0.11,0.06,-0.01
978,9.26,-0.62,4.63,-0.11,0.06,-0.01
979,9.26,-0.62,4.63,-0.11,0.06,-0.01
980,9.26,-0.62,4.63,-0.11,0.06,-0.01
981,9.26,-0.62,4.63,-0.11,0.06,-0.01
982,9.26,-0.62,4.63,-0.11,0.06,-0.01
983,9.25,-0.62,4.64,-0.11,0.06,-0.01
984,9.25,-0.62,4.64,-0.11,0.06,-0.01
985,9.25,-0.62,4.64,-0.11,0.06,-0.01
986,9.25,-0.62,4.64,-0.11,0.06,-0.01
987,9.25,-0.61,4.64,-0.11,0.06,-0.01
988,9.25,-0.61,4.64,-0.11,0.06,-0.01
989,9.25,-0.61,4.64,-0.11,0.06,-0.01
990,9.25,-0.61,4.64,-0.11,0.06,-0.01
991,9.25,-0.61,4.64,-0.11,0.06,-0.01
992,9.25,-0.61,4.64,-0.11,0.06,-0.01
993,9.25,-0.61,4.64,-0.11,0.06,-0.01
994,9.25,-0.61,4.64,-0.11,0.06,-0.01
995,9.25,-0.61,4.64,-0.11,0.06,-0.01
996,9.25,-0.61,4.64,-0.11,0.06,-0.01
997,9.25,-0.62,4.65,-0.11,0.06,-0.01
998,9.25,-0.62,4.65,-0.11,0.06,-0.01
999,9.25,-0.62,4.65,-0.11,0.06,-0.01
1000,9.25,-0.62,4.65,-0.11,0.06,-0.01
1001,9.25,-0.62,4.65,-0.11,0.06,-0.01
1002,9.25,-0.62,4.65,-0.11,0.06,-0.01
1003,9.25,-0.62,4.65,-0.11,0.06,-0.01
1004,9.25,-0.62,4.65,-0.11,0.06,-0.01
1005,9.25,-0.62,4.65,-0.11,0.06,-0.01
1006,9.25,-0.62,4.65,-0.11,0.05,-0.01
1007,9.25,-0.62,4.65,-0.11,0.05,-0.01
1008,9.25,-0.62,4.65,-0.11,0.05,-0.01
1009,9.25,-0.62,4.65,-0.11,0.05,-0.01
1010,9.25,-0.62,4.65,-0.11,0.05,-0.01
1011,9.25,-0.62,4.65,-0.11,0.05,-0.01
1012,9.25,-0.62,4.65,-0.11,0.05,-0.01
1013,9.25,-0.62,4.65,-0.11,0.05,-0.01
1014,9.25,-0.62,4.65,-0.11,0.05,-0.01
1015,9.25,-0.62,4.65,-0.11,0.05,-0.01
1016,9.25,-0.62,4.65,-0.11,0.05,-0.01
1017,9.25,-0.62,4.64,-0.11,0.05,-0.01
1018,9.25,-0.62,4.64,-0.11,0.05,-0.01
1019,9.25,-0.62,4.64,-0.11,0.05,-0.01
1020,9.25,-0.62,4.64,-0.11,0.05,-0.01
1021,9.25,-0.62,4.64,-0.11,0.05,-0.01
1022,9.25,-0.62,4.64,-0.11,0.05,-0.01
1023,9.25,-0.62,4.63,-0.11,0.05,-0.01
1024,9.25,-0.62,4.63,-0.11,0.05,-0.01
1025,9.26,-0.62,4.63,-0.11,0.05,-0.01
1026,9.26,-0.62,4.63,-0.11,0.05,-0.01
1027,9.26,-0.62,4.62,-0.11,0.05,-0.01
1028,9.26,-0.62,4.62,-0.11,0.05,-0.01
1029,9.26,-0.62,4.62,-0.11,0.05,-0.01
1030,9.26,-0.62,4.61,-0.11,0.05,-0.01
1031,9.26,-0.62,4.61,-0.11,0.05,-0.01
1032,9.27,-0.62,4.61,-0.11,0.05,-0.01
1033,9.27,-0.62,4.6,-0.11,0.05,-0.01
1034,9.27,-0.62,4.6,-0.11,0.05,-0.01
1035,9.27,-0.62,4.6,-0.11,0.05,-0.01
1036,9.27,-0.62,4.59,-0.11,0.05,-0.01
1037,9.27,-0.62,4.59,-0.11,0.05,-0.01
1038,9.27,-0.62,4.59,-0.11,0.05,-0.01
1039,9.27,-0.62,4.59,-0.11,0.05,-0.01
1040,9.27,-0.62,4.58,-0.11,0.05,-0.01
1041,9.27,-0.62,4.58,-0.11,0.05,-0.01
1042,9.27,-0.62,4.58,-0.11,0.05,-0.01
1043,9.27,-0.62,4.58,-0.11,0.05,-0.01
1044,9.27,-0.62,4.58,-0.11,0.05,-0.01
1045,9.27,-0.62,4.58,-0.11,0.06,-0.01
1046,9.27,-0.62,4.58,-0.11,0.06,-0.01
1047,9.27,-0.62,4.58,-0.11,0.06,-0.01
1048,9.27,-0.62,4.58,-0.11,0.06,-0.01
1049,9.27,-0.62,4.58,-0.11,0.06,-0.01
1050,9.27,-0.62,4.59,-0.11,0.06,-0.01
1051,9.27,-0.62,4.59,-0.11,0.06,-0.01
1052,9.27,-0.62,4.59,-0.11,0.06,-0.01
1053,9.27,-0.62,4.59,-0.11,0.06,-0.01
1054,9.27,-0.62,4.6,-0.11,0.06,-0.01
1055,9.27,-0.62,4.6,-0.11,0.06,-0.01
1056,9.26,-0.62,4.6,-0.11,0.06,-0.01
1057,9.26,-0.62,4.61,-0.11,0.06,-0.01
1058,9.26,-0.62,4.61,-0.11,0.06,-0.01
1059,9.26,-0.62,4.62,-0.11,0.06,-0.01
1060,9.26,-0.62,4.62,-0.11,0.06,-0.01
1061,9.26,-0.62,4.63,-0.11,0.06,-0.01
1062,9.26,-0.62,4.63,-0.11,0.06,-0.01
1063,9.26,-0.62,4.63,-0.11,0.06,-0.01
1064,9.26,-0.62,4.64,-0.11,0.06,-0.01
1065,9.25,-0.62,4.64,-0.11,0.06,-0.01
1066,9.25,-0.62,4.64,-0.11,0.06,-0.01
1067,9.25,-0.62,4.65,-0.11,0.06,-0.01
1068,9.25,-0.62,4.65,-0.11,0.06,-0.01
1069,9.25,-0.62,4.65,-0.11,0.06,-0.01
1070,9.25,-0.62,4.65,-0.11,0.06,-0.01
1071,9.25,-0.62,4.65,-0.11,0.06,-0.01
1072,9.25,-0.62,4.65,-0.11,0.06,-0.01
1073,9.25,-0.62,4.65,-0.11,0.05,-0.01
1074,9.25,-0.62,4.65,-0.11,0.05,-0.01
1075,9.25,-0.62,4.65,-0.11,0.05,-0.01
1076,9.25,-0.62,4.65,-0.11,0.05,-0.01
1077,9.25,-0.62,4.65,-0.11,0.05,-0.01
1078,9.25,-0.62,4.65,-0.11,0.05,-0.01
1079,9.25,-0.62,4.65,-0.11,0.05,-0.01
1080,9.25,-0.62,4.65,-0.11,0.05,-0.01
1081,9.25,-0.62,4.65,-0.11,0.05,-0.01
1082,9.25,-0.62,4.65,-0.11,0.05,-0.01
1083,9.25,-0.62,4.65,-0.11,0.05,-0.01
1084,9.25,-0.62,4.64,-0.11,0.05,-0.01
1085,9.25,-0.62,4.64,-0.11,0.05,-0.01
1086,9.25,-0.62,4.64,-0.11,0.05,-0.01
1087,9.25,-0.62,4.64,-0.11,0.05,-0.01
1088,9.25,-0.62,4.64,-0.11,0.05,-0.01
1089,9.25,-0.62,4.64,-0.11,0.05,-0.01
1090,9.25,-0.62,4.64,-0.11,0.05,-0.01
1091,9.25,-0.62,4.64,-0.11,0.05,-0.01
1092,9.25,-0.62,4.64,-0.11,0.06,-0.01
1093,9.25,-0.62,4.65,-0.11,0.06,-0.01
1094,9.25,-0.62,4.65,-0.11,0.06,-0.01
1095,9.25,-0.62,4.65,-0.11,0.05,-0.01
1096,9.25,-0.62,4.65,-0.11,0.05,-0.01
1097,9.25,-0.62,4.65,-0.11,0.05,-0.01
1098,9.25,-0.62,4.65,-0.11,0.05,-0.01
1099,9.25,-0.62,4.65,-0.11,0.05,-0.01
1100,9.25,-0.62,4.65,-0.11,0.05,-0.01
1101,9.25,-0.62,4.65,-0.11,0.05,-0.01
1102,9.25,-0.62,4.65,-0.11,0.05,-0.01
1103,9.25,-0.62,4.65,-0.11,0.05,-0.01
1104,9.25,-0.63,4.65,-0.11,0.05,-0.01
1105,9.25,-0.63,4.64,-0.11,0.05,-0.01
1106,9.26,-0.63,4.64,-0.11,0.05,-0.01
1107,9.26,-0.63,4.64,-0.11,0.05,-0.01
1108,9.26,-0.63,4.64,-0.11,0.05,-0.01
1109,9.26,-0.63,4.63,-0.11,0.05,-0.01
1110,9.26,-0.63,4.63,-0.11,0.05,-0.01
1111,9.26,-0.63,4.63,-0.11,0.05,-0.01
1112,9.26,-0.63,4.62,-0.11,0.04,-0.01
1113,9.27,-0.63,4.62,-0.11,0.04,-0.01
1114,9.27,-0.63,4.61,-0.11,0.04,-0.01
1115,9.27,-0.63,4.61,-0.11,0.04,-0.01
1116,9.27,-0.63,4.6,-0.11,0.05,-0.01
1117,9.27,-0.63,4.6,-0.11,0.05,-0.01
1118,9.27,-0.63,4.59,-0.11,0.05,-0.01
1119,9.27,-0.63,4.59,-0.11,0.05,-0.01
1120,9.27,-0.63,4.59,-0.11,0.05,-0.01
1121,9.28,-0.62,4.58,-0.11,0.05,-0.01
1122,9.28,-0.62,4.58,-0.11,0.05,-0.01
1123,9.28,-0.62,4.58,-0.11,0.05,-0.01
1124,9.28,-0.62,4.58,-0.11,0.05,-0.01
1125,9.28,-0.62,4.58,-0.11,0.05,-0.01
1126,9.28,-0.62,4.58,-0.11,0.06,-0.01
1127,9.28,-0.62,4.58,-0.11,0.06,-0.01
1128,9.28,-0.62,4.58,-0.11,0.06,-0.01
1129,9.28,-0.62,4.58,-0.11,0.06,-0.01
1130,9.27,-0.62,4.58,-0.11,0.06,-0.01
1131,9.27,-0.62,4.59,-0.11,0.06,-0.01
1132,9.27,-0.62,4.59,-0.11,0.06,-0.01
1133,9.27,-0.62,4.59,-0.11,0.06,-0.01
1134,9.27,-0.62,4.6,-0.11,0.06,-0.01
1135,9.27,-0.62,4.6,-0.11,0.06,-0.01
1136,9.27,-0.62,4.61,-0.11,0.06,-0.01
1137,9.26,-0.62,4.61,-0.11,0.07,-0.01
1138,9.26,-0.62,4.62,-0.1,0.07,-0.01
1139,9.26,-0.62,4.62,-0.1,0.07,-0.01
1140,9.26,-0.62,4.62,-0.1,0.07,-0.01
1141,9.26,-0.62,4.63,-0.1,0.06,-0.01
1142,9.26,-0.62,4.63,-0.1,0.06,-0.01
1143,9.25,-0.62,4.64,-0.11,0.06,-0.01
1144,9.25,-0.62,4.64,-0.11,0.06,-0.01
1145,9.25,-0.62,4.64,-0.11,0.06,-0.01
1146,9.25,-0.62,4.65,-0.11,0.06,-0.01
1147,9.25,-0.62,4.65,-0.11,0.06,-0.01
1148,9.25,-0.62,4.65,-0.11,0.06,-0.01
1149,9.25,-0.62,4.65,-0.11,0.06,-0.01
1150,9.25,-0.62,4.65,-0.11,0.06,-0.01
1151,9.25,-0.62,4.65,-0.11,0.06,-0.01
1152,9.25,-0.62,4.65,-0.11,0.06,-0.01
1153,9.25,-0.62,4.65,-0.11,0.06,-0.01
1154,9.25,-0.62,4.65,-0.11,0.06,-0.01
1155,9.24,-0.62,4.65,-0.11,0.06,-0.01
1156,9.24,-0.62,4.65,-0.11,0.05,-0.01
1157,9.24,-0.62,4.65,-0.11,0.05,-0.01
1158,9.24,-0.62,4.65,-0.11,0.05,-0.01
1159,9.25,-0.62,4.65,-0.11,0.05,-0.01
1160,9.25,-0.62,4.65,-0.11,0.05,-0.01
1161,9.25,-0.62,4.65,-0.11,0.05,-0.01
1162,9.25,-0.62,4.65,-0.11,0.05,-0.01
1163,9.25,-0.62,4.64,-0.11,0.05,-0.01
1164,9.25,-0.62,4.64,-0.11,0.05,-0.01
1165,9.25,-0.62,4.64,-0.11,0.05,-0.01
1166,9.25,-0.62,4.64,-0.11,0.05,-0.01
1167,9.25,-0.62,4.64,-0.11,0.05,-0.01
1168,9.25,-0.62,4.64,-0.11,0.05,-0.01
1169,9.25,-0.62,4.64,-0.11,0.05,-0.01
1170,9.25,-0.62,4.64,-0.11,0.06,-0.01
1171,9.25,-0.62,4.64,-0.11,0.06,-0.01
1172,9.25,-0.62,4.64,-0.11,0.06,-0.01
1173,9.25,-0.62,4.64,-0.11,0.06,-0.01
1174,9.25,-0.62,4.64,-0.11,0.06,-0.01
1175,9.25,-0.62,4.65,-0.11,0.06,-0.01
1176,9.25,-0.62,4.65,-0.11,0.06,-0.01
1177,9.25,-0.62,4.65,-0.11,0.06,-0.01
1178,9.25,-0.62,4.65,-0.11,0.06,-0.01
1179,9.25,-0.62,4.65,-0.11,0.06,-0.01
1180,9.25,-0.62,4.65,-0.11,0.06,-0.01
1181,9.25,-0.62,4.65,-0.11,0.06,-0.01
1182,9.25,-0.62,4.65,-0.11,0.05,-0.01
1183,9.25,-0.62,4.65,-0.11,0.05,-0.01
1184,9.25,-0.62,4.65,-0.11,0.05,-0.01
1185,9.25,-0.62,4.65,-0.11,0.05,-0.01
1186,9.25,-0.62,4.65,-0.11,0.05,-0.01
1187,9.25,-0.62,4.65,-0.11,0.05,-0.01
1188,9.25,-0.62,4.65,-0.11,0.05,-0.01
1189,9.25,-0.62,4.65,-0.11,0.05,-0.01
1190,9.25,-0.62,4.65,-0.11,0.05,-0.01
1191,9.25,-0.62,4.64,-0.11,0.05,-0.01
1192,9.25,-0.62,4.64,-0.11,0.05,-0.01
1193,9.25,-0.62,4.64,-0.11,0.05,-0.01
1194,9.25,-0.62,4.64,-0.11,0.05,-0.01
1195,9.25,-0.62,4.64,-0.11,0.05,-0.01
1196,9.25,-0.62,4.63,-0.11,0.05,-0.01
1197,9.26,-0.62,4.63,-0.11,0.05,-0.01
1198,9.26,-0.62,4.63,-0.11,0.05,-0.01
1199,9.26,-0.62,4.62,-0.11,0.04,-0.01
1200,9.26,-0.62,4.62,-0.11,0.04,-0.01
1201,9.26,-0.62,4.62,-0.11,0.04,-0.01
1202,9.26,-0.62,4.61,-0.11,0.04,-0.01
1203,9.26,-0.62,4.61,-0.11,0.04,-0.01
1204,9.27,-0.62,4.61,-0.11,0.04,-0.01
1205,9.27,-0.62,4.6,-0.11,0.04,-0.01
1206,9.27,-0.62,4.6,-0.11,0.04,-0.01
1207,9.27,-0.62,4.59,-0.11,0.04,-0.01
1208,9.27,-0.62,4.59,-0.11,0.05,-0.01
1209,9.27,-0.63,4.59,-0.11,0.05,-0.01
1210,9.28,-0.63,4.58,-0.11,0.05,-0.01
1211,9.28,-0.63,4.58,-0.11,0.05,-0.01
1212,9.28,-0.63,4.58,-0.11,0.05,-0.01
1213,9.28,-0.63,4.58,-0.11,0.05,-0.01
1214,9.28,-0.63,4.57,-0.11,0.05,-0.01
1215,9.28,-0.63,4.57,-0.11,0.05,-0.01
1216,9.28,-0.63,4.57,-0.11,0.05,-0.01
1217,9.28,-0.63,4.57,-0.11,0.05,-0.01
1218,9.28,-0.63,4.57,-0.11,0.06,-0.01
1219,9.28,-0.63,4.57,-0.11,0.06,-0.01
1220,9.28,-0.63,4.57,-0.11,0.06,-0.01
1221,9.28,-0.63,4.57,-0.11,0.06,-0.01
1222,9.28,-0.63,4.57,-0.11,0.06,-0.01
1223,9.28,-0.63,4.58,-0.11,0.06,-0.01
1224,9.28,-0.62,4.58,-0.11,0.06,-0.01
1225,9.27,-0.62,4.58,-0.11,0.06,-0.01
1226,9.27,-0.62,4.59,-0.11,0.07,-0.01
1227,9.27,-0.62,4.59,-0.11,0.07,-0.01
1228,9.27,-0.62,4.59,-0.11,0.07,-0.01
1229,9.27,-0.62,4.6,-0.11,0.07,-0.01
1230,9.27,-0.62,4.6,-0.11,0.07,-0.01
1231,9.27,-0.62,4.61,-0.11,0.07,-0.01
1232,9.26,-0.62,4.61,-0.11,0.07,-0.01
1233,9.26,-0.62,4.62,-0.11,0.07,-0.01
1234,9.26,-0.62,4.62,-0.11,0.07,-0.01
1235,9.26,-0.62,4.63,-0.11,0.07,-0.01
1236,9.26,-0.62,4.63,-0.11,0.07,-0.01
1237,9.26,-0.62,4.63,-0.11,0.06,-0.01
1238,9.25,-0.62,4.64,-0.11,0.06,-0.01
1239,9.25,-0.62,4.64,-0.11,0.06,-0.01
1240,9.25,-0.62,4.64,-0.11,0.06,-0.01
1241,9.25,-0.62,4.65,-0.11,0.06,-0.01
1242,9.25,-0.62,4.65,-0.11,0.06,-0.01
1243,9.25,-0.62,4.65,-0.11,0.06,-0.01
1244,9.25,-0.62,4.65,-0.11,0.06,-0.01
1245,9.25,-0.62,4.65,-0.11,0.06,-0.01
1246,9.25,-0.62,4.65,-0.11,0.06,-0.01
1247,9.25,-0.62,4.65,-0.11,0.05,-0.01
1248,9.25,-0.62,4.65,-0.11,0.05,-0.01
1249,9.25,-0.62,4.65,-0.11,0.05,-0.01
1250,9.25,-0.62,4.65,-0.11,0.05,-0.01
1251,9.25,-0.62,4.65,-0.11,0.05,-0.01
1252,9.25,-0.62,4.65,-0.11,0.05,-0.01
1253,9.25,-0.62,4.65,-0.11,0.05,-0.01
1254,9.25,-0.62,4.65,-0.11,0.05,-0.01
1255,9.25,-0.62,4.64,-0.11,0.05,-0.01
1256,9.25,-0.62,4.64,-0.11,0.05,-0.01
1257,9.25,-0.62,4.64,-0.11,0.05,-0.01
1258,9.25,-0.62,4.64,-0.11,0.05,-0.01
1259,9.25,-0.62,4.64,-0.11,0.05,-0.01
1260,9.25,-0.62,4.64,-0.11,0.05,-0.01
1261,9.25,-0.62,4.64,-0.11,0.06,-0.01
1262,9.25,-0.62,4.64,-0.11,0.06,-0.01
1263,9.25,-0.62,4.64,-0.11,0.06,-0.01
1264,9.25,-0.62,4.64,-0.11,0.06,-0.01
1265,9.25,-0.62,4.64,-0.11,0.06,-0.01
1266,9.25,-0.62,4.64,-0.11,0.06,-0.01
1267,9.25,-0.62,4.65,-0.11,0.06,-0.01
1268,9.25,-0.62,4.65,-0.11,0.06,-0.01
1269,9.25,-0.62,4.65,-0.11,0.06,-0.01
1270,9.25,-0.62,4.65,-0.11,0.06,-0.01
1271,9.25,-0.62,4.65,-0.11,0.06,-0.01
1272,9.25,-0.62,4.65,-0.11,0.05,-0.01
1273,9.25,-0.62,4.65,-0.11,0.05,-0.01
1274,9.25,-0.62,4.65,-0.11,0.05,-0.01
1275,9.25,-0.62,4.65,-0.11,0.05,-0.01
1276,9.25,-0.62,4.65,-0.11,0.05,-0.01
1277,9.25,-0.62,4.65,-0.11,0.05,-0.01
1278,9.25,-0.62,4.64,-0.11,0.05,-0.01
1279,9.25,-0.62,4.64,-0.11,0.05,-0.01
1280,9.25,-0.62,4.64,-0.11,0.05,-0.01
1281,9.25,-0.62,4.64,-0.11,0.05,-0.01
1282,9.26,-0.62,4.64,-0.11,0.05,-0.01
1283,9.26,-0.62,4.63,-0.11,0.05,-0.01
1284,9.26,-0.62,4.63,-0.11,0.05,-0.01
1285,9.26,-0.63,4.63,-0.11,0.05,-0.01
1286,9.26,-0.63,4.62,-0.11,0.04,-0.01
1287,9.26,-0.63,4.62,-0.11,0.04,-0.01
1288,9.26,-0.63,4.61,-0.11,0.04,-0.01
1289,9.26,-0.63,4.61,-0.11,0.04,-0.01
1290,9.27,-0.63,4.61,-0.11,0.04,-0.01
1291,9.27,-0.63,4.6,-0.11,0.05,-0.01
1292,9.27,-0.63,4.6,-0.11,0.05,-0.01
1293,9.27,-0.63,4.6,-0.11,0.05,-0.01
1294,9.27,-0.63,4.59,-0.11,0.05,-0.01
1295,9.27,-0.63,4.59,-0.11,0.05,-0.01
1296,9.27,-0.63,4.59,-0.11,0.05,-0.01
1297,9.27,-0.63,4.59,-0.11,0.05,-0.01
1298,9.27,-0.63,4.58,-0.11,0.05,-0.01
1299,9.27,-0.63,4.58,-0.11,0.05,-0.01
1300,9.27,-0.63,4.58,-0.11,0.05,-0.01
1301,9.27,-0.63,4.58,-0.11,0.05,-0.01
1302,9.27,-0.63,4.58,-0.11,0.05,-0.01
1303,9.27,-0.63,4.58,-0.11,0.06,-0.01
1304,9.27,-0.63,4.58,-0.11,0.06,-0.01
1305,9.27,-0.63,4.59,-0.11,0.06,-0.01
1306,9.27,-0.63,4.59,-0.11,0.06,-0.01
1307,9.27,-0.63,4.59,-0.11,0.06,-0.01
1308,9.27,-0.63,4.59,-0.11,0.06,-0.01
1309,9.27,-0.62,4.6,-0.11,0.06,-0.01
1310,9.27,-0.62,4.6,-0.11,0.06,-0.01
1311,9.27,-0.62,4.6,-0.11,0.06,-0.01
1312,9.27,-0.62,4.6,-0.11,0.06,-0.01
1313,9.27,-0.62,4.61,-0.11,0.06,-0.01
1314,9.26,-0.62,4.61,-0.11,0.06,-0.01
1315,9.26,-0.62,4.61,-0.11,0.06,-0.01
1316,9.26,-0.62,4.62,-0.11,0.06,-0.01
1317,9.26,-0.62,4.62,-0.11,0.06,-0.01
1318,9.26,-0.62,4.62,-0.11,0.06,-0.01
1319,9.26,-0.62,4.63,-0.11,0.06,-0.01
1320,9.26,-0.62,4.63,-0.11,0.06,-0.01
1321,9.26,-0.62,4.63,-0.11,0.06,-0.01
1322,9.26,-0.62,4.64,-0.11,0.06,-0.01
1323,9.25,-0.62,4.64,-0.11,0.06,-0.01
1324,9.25,-0.62,4.64,-0.11,0.06,-0.01
1325,9.25,-0.62,4.64,-0.11,0.06,-0.01
1326,9.25,-0.62,4.65,-0.11,0.06,-0.01
1327,9.25,-0.62,4.65,-0.11,0.06,-0.01
1328,9.25,-0.62,4.65,-0.11,0.06,-0.01
1329,9.25,-0.62,4.65,-0.11,0.06,-0.01
1330,9.25,-0.62,4.65,-0.11,0.06,-0.01
1331,9.25,-0.62,4.65,-0.11,0.06,-0.01
1332,9.25,-0.62,4.65,-0.11,0.06,-0.01
1333,9.25,-0.62,4.65,-0.11,0.05,-0.01
1334,9.25,-0.62,4.65,-0.11,0.05,-0.01
1335,9.25,-0.62,4.65,-0.11,0.05,-0.01
1336,9.25,-0.62,4.65,-0.11,0.05,-0.01
1337,9.25,-0.62,4.65,-0.11,0.05,-0.01
1338,9.25,-0.62,4.65,-0.11,0.05,-0.01
1339,9.25,-0.63,4.65,-0.11,0.05,-0.01
1340,9.25,-0.63,4.65,-0.11,0.05,-0.01
1341,9.25,-0.62,4.65,-0.11,0.05,-0.01
1342,9.25,-0.62,4.65,-0.11,0.05,-0.01
1343,9.25,-0.62,4.65,-0.11,0.05,-0.01
1344,9.25,-0.62,4.64,-0.11,0.05,-0.01
1345,9.25,-0.62,4.64,-0.11,0.05,-0.01
1346,9.25,-0.62,4.64,-0.11,0.05,-0.01
1347,9.25,-0.62,4.64,-0.11,0.05,-0.01
1348,9.25,-0.62,4.64,-0.11,0.05,-0.01
1349,9.25,-0.62,4.64,-0.11,0.05,-0.01
1350,9.25,-0.62,4.64,-0.11,0.06,-0.01
1351,9.25,-0.62,4.64,-0.11,0.06,-0.01
1352,9.25,-0.62,4.64,-0.11,0.06,-0.01
1353,9.25,-0.62,4.64,-0.11,0.06,-0.01
1354,9.25,-0.62,4.64,-0.11,0.06,-0.01
1355,9.25,-0.62,4.64,-0.11,0.06,-0.01
1356,9.25,-0.62,4.64,-0.11,0.06,-0.01
1357,9.25,-0.62,4.64,-0.11,0.06,-0.01
1358,9.25,-0.62,4.65,-0.11,0.05,-0.01
1359,9.25,-0.62,4.65,-0.11,0.05,-0.01
1360,9.25,-0.62,4.65,-0.11,0.05,-0.01
1361,9.25,-0.62,4.65,-0.11,0.05,-0.01
1362,9.25,-0.62,4.64,-0.11,0.05,-0.01
1363,9.25,-0.62,4.64,-0.11,0.05,-0.01
1364,9.25,-0.63,4.64,-0.11,0.05,-0.01
1365,9.25,-0.63,4.64,-0.11,0.05,-0.01
1366,9.25,-0.63,4.64,-0.11,0.05,-0.01
1367,9.25,-0.63,4.64,-0.11,0.05,-0.01
1368,9.25,-0.63,4.64,-0.11,0.05,-0.01
1369,9.26,-0.63,4.64,-0.11,0.05,-0.01
1370,9.26,-0.63,4.63,-0.11,0.05,-0.01
1371,9.26,-0.63,4.63,-0.11,0.05,-0.01
1372,9.26,-0.63,4.63,-0.11,0.05,-0.01
1373,9.26,-0.63,4.62,-0.11,0.05,-0.01
1374,9.26,-0.63,4.62,-0.11,0.05,-0.01
1375,9.26,-0.63,4.62,-0.11,0.05,-0.01
1376,9.27,-0.63,4.61,-0.11,0.05,-0.01
1377,9.27,-0.63,4.61,-0.11,0.05,-0.01
1378,9.27,-0.63,4.61,-0.11,0.05,-0.01
1379,9.27,-0.63,4.6,-0.11,0.05,-0.01
1380,9.27,-0.63,4.6,-0.11,0.05,-0.01
1381,9.27,-0.63,4.59,-0.11,0.05,-0.01
1382,9.27,-0.63,4.59,-0.11,0.05,-0.01
1383,9.27,-0.62,4.59,-0.11,0.05,-0.01
1384,9.27,-0.62,4.59,-0.11,0.05,-0.01
1385,9.27,-0.62,4.58,-0.11,0.05,-0.01
1386,9.27,-0.62,4.58,-0.11,0.05,-0.01
1387,9.27,-0.62,4.58,-0.11,0.05,-0.01
1388,9.27,-0.62,4.58,-0.11,0.06,-0.01
1389,9.27,-0.62,4.58,-0.11,0.06,-0.01
1390,9.27,-0.62,4.58,-0.11,0.06,-0.01
1391,9.27,-0.62,4.58,-0.11,0.06,-0.01
1392,9.27,-0.62,4.58,-0.11,0.06,-0.01
1393,9.27,-0.62,4.59,-0.11,0.06,-0.01
1394,9.27,-0.62,4.59,-0.11,0.06,-0.01
1395,9.27,-0.62,4.59,-0.11,0.06,-0.01
1396,9.27,-0.62,4.59,-0.11,0.06,-0.01
1397,9.27,-0.62,4.6,-0.11,0.06,-0.01
1398,9.26,-0.62,4.6,-0.11,0.06,-0.01
1399,9.26,-0.62,4.6,-0.11,0.06,-0.01
1400,9.26,-0.62,4.61,-0.11,0.06,-0.01
1401,9.26,-0.62,4.61,-0.11,0.06,-0.01
1402,9.26,-0.62,4.61,-0.11,0.06,-0.01
1403,9.26,-0.62,4.62,-0.11,0.06,-0.01
1404,9.26,-0.62,4.62,-0.11,0.06,-0.01
1405,9.26,-0.63,4.62,-0.11,0.06,-0.01
1406,9.26,-0.63,4.63,-0.11,0.06,-0.01
1407,9.25,-0.63,4.63,-0.11,0.06,-0.01
1408,9.25,-0.63,4.63,-0.11,0.06,-0.01
1409,9.25,-0.63,4.63,-0.11,0.06,-0.01
1410,9.25,-0.63,4.64,-0.11,0.06,-0.01
1411,9.25,-0.63,4.64,-0.11,0.06,-0.01
1412,9.25,-0.63,4.64,-0.11,0.06,-0.01
1413,9.25,-0.63,4.64,-0.11,0.06,-0.01
1414,9.25,-0.63,4.64,-0.11,0.06,-0.01
1415,9.25,-0.63,4.64,-0.11,0.06,-0.01
1416,9.25,-0.63,4.64,-0.11,0.06,-0.01
1417,9.25,-0.63,4.64,-0.11,0.06,-0.01
1418,9.25,-0.63,4.65,-0.11,0.06,-0.01
1419,9.25,-0.63,4.65,-0.11,0.06,-0.01
1420,9.25,-0.63,4.65,-0.11,0.06,-0.01
1421,9.25,-0.62,4.65,-0.11,0.06,-0.01
1422,9.25,-0.62,4.65,-0.11,0.06,-0.01
1423,9.25,-0.62,4.65,-0.11,0.06,-0.01
1424,9.25,-0.62,4.65,-0.11,0.06,-0.01
1425,9.25,-0.62,4.65,-0.11,0.06,-0.01
1426,9.25,-0.62,4.65,-0.11,0.06,-0.01
1427,9.25,-0.62,4.65,-0.11,0.06,-0.01
1428,9.25,-0.62,4.65,-0.11,0.05,-0.01
1429,9.25,-0.62,4.65,-0.11,0.05,-0.01
1430,9.25,-0.62,4.65,-0.11,0.05,-0.01
1431,9.25,-0.62,4.65,-0.11,0.05,-0.01
1432,9.25,-0.62,4.65,-0.11,0.05,-0.01
1433,9.25,-0.62,4.65,-0.11,0.05,-0.01
1434,9.25,-0.62,4.64,-0.11,0.05,-0.01
1435,9.25,-0.62,4.64,-0.11,0.05,-0.01
1436,9.25,-0.62,4.64,-0.11,0.05,-0.01
1437,9.25,-0.62,4.64,-0.11,0.05,-0.01
1438,9.25,-0.63,4.64,-0.11,0.05,-0.01
1439,9.25,-0.63,4.64,-0.11,0.05,-0.01
1440,9.25,-0.63,4.64,-0.11,0.05,-0.01
1441,9.25,-0.63,4.64,-0.11,0.05,-0.01
1442,9.25,-0.63,4.64,-0.11,0.05,-0.01
1443,9.25,-0.63,4.64,-0.11,0.05,-0.01
1444,9.26,-0.63,4.63,-0.11,0.05,-0.01
1445,9.26,-0.63,4.63,-0.11,0.05,-0.01
1446,9.26,-0.63,4.63,-0.11,0.05,-0.01
1447,9.26,-0.63,4.63,-0.11,0.05,-0.01
1448,9.26,-0.63,4.63,-0.11,0.05,-0.01
1449,9.26,-0.63,4.62,-0.11,0.05,-0.01
1450,9.26,-0.63,4.62,-0.11,0.05,-0.01
1451,9.26,-0.63,4.62,-0.11,0.05,-0.01
1452,9.27,-0.63,4.62,-0.11,0.05,-0.01
1453,9.27,-0.63,4.61,-0.11,0.05,-0.01
1454,9.27,-0.63,4.61,-0.11,0.05,-0.01
1455,9.27,-0.63,4.61,-0.11,0.05,-0.01
1456,9.27,-0.63,4.61,-0.11,0.05,-0.01
1457,9.27,-0.63,4.6,-0.11,0.05,-0.01
1458,9.27,-0.63,4.6,-0.11,0.05,-0.01
1459,9.27,-0.63,4.6,-0.11,0.05,-0.01
1460,9.27,-0.63,4.6,-0.11,0.05,-0.01
1461,9.27,-0.63,4.6,-0.11,0.05,-0.01
1462,9.27,-0.63,4.59,-0.11,0.05,-0.01
1463,9.28,-0.63,4.59,-0.11,0.05,-0.01
1464,9.28,-0.63,4.59,-0.11,0.05,-0.01
1465,9.28,-0.62,4.59,-0.11,0.05,-0.01
1466,9.28,-0.62,4.59,-0.11,0.05,-0.01
1467,9.28,-0.62,4.58,-0.11,0.05,-0.01
1468,9.28,-0.62,4.58,-0.11,0.05,-0.01
1469,9.28,-0.62,4.58,-0.11,0.05,-0.01
1470,9.28,-0.62,4.58,-0.11,0.05,-0.01
1471,9.28,-0.62,4.58,-0.11,0.05,-0.01
1472,9.28,-0.62,4.58,-0.11,0.05,-0.01
1473,9.28,-0.62,4.58,-0.11,0.05,-0.01
1474,9.28,-0.62,4.58,-0.11,0.06,-0.01
1475,9.27,-0.62,4.58,-0.11,0.06,-0.01
1476,9.27,-0.62,4.58,-0.11,0.06,-0.01
1477,9.27,-0.62,4.58,-0.11,0.06,-0.01
1478,9.27,-0.62,4.58,-0.11,0.06,-0.01
1479,9.27,-0.62,4.58,-0.11,0.06,-0.01
1480,9.27,-0.62,4.58,-0.11,0.06,-0.01
1481,9.27,-0.62,4.59,-0.11,0.06,-0.01
1482,9.27,-0.63,4.59,-0.11,0.06,-0.01
1483,9.27,-0.63,4.59,-0.11,0.06,-0.01
1484,9.27,-0.63,4.59,-0.11,0.06,-0.01
1485,9.27,-0.63,4.6,-0.11,0.06,-0.01
1486,9.26,-0.63,4.6,-0.11,0.06,-0.01
1487,9.26,-0.63,4.6,-0.11,0.06,-0.01
1488,9.26,-0.63,4.61,-0.11,0.06,-0.01
1489,9.26,-0.63,4.61,-0.11,0.06,-0.01
1490,9.26,-0.63,4.61,-0.11,0.06,-0.01
1491,9.26,-0.63,4.62,-0.11,0.06,-0.01
1492,9.26,-0.63,4.62,-0.11,0.06,-0.01
1493,9.26,-0.63,4.63,-0.11,0.06,-0.01
1494,9.25,-0.63,4.63,-0.11,0.06,-0.01
1495,9.25,-0.63,4.63,-0.11,0.06,-0.01
1496,9.25,-0.63,4.64,-0.11,0.06,-0.01
1497,9.25,-0.63,4.64,-0.11,0.06,-0.01
1498,9.25,-0.63,4.64,-0.11,0.06,-0.01
1499,9.25,-0.63,4.64,-0.11,0.06,-0.01
1500,9.25,-0.63,4.65,-0.11,0.06,-0.01
1501,9.25,-0.63,4.65,-0.11,0.06,-0.01
1502,9.25,-0.63,4.65,-0.11,0.06,-0.01
1503,9.25,-0.63,4.65,-0.11,0.06,-0.01
1504,9.25,-0.62,4.65,-0.11,0.06,-0.01
1505,9.25,-0.62,4.65,-0.11,0.06,-0.01
1506,9.25,-0.62,4.65,-0.11,0.06,-0.01
1507,9.25,-0.62,4.65,-0.11,0.06,-0.01
1508,9.25,-0.62,4.65,-0.11,0.05,-0.01
1509,9.25,-0.62,4.65,-0.11,0.05,-0.01
1510,9.25,-0.62,4.65,-0.11,0.05,-0.01
1511,9.25,-0.62,4.65,-0.11,0.05,-0.01
1512,9.25,-0.62,4.65,-0.11,0.05,-0.01
1513,9.25,-0.62,4.65,-0.11,0.05,-0.01
1514,9.25,-0.62,4.65,-0.11,0.05,-0.01
1515,9.25,-0.63,4.65,-0.11,0.05,-0.01
1516,9.25,-0.63,4.64,-0.11,0.05,-0.01
1517,9.25,-0.63,4.64,-0.11,0.05,-0.01
1518,9.25,-0.63,4.64,-0.11,0.05,-0.01
1519,9.25,-0.63,4.64,-0.11,0.05,-0.01
1520,9.25,-0.63,4.64,-0.11,0.05,-0.01
1521,9.25,-0.63,4.64,-0.11,0.05,-0.01
1522,9.25,-0.63,4.64,-0.11,0.05,-0.01
1523,9.25,-0.63,4.64,-0.11,0.05,-0.01
1524,9.25,-0.63,4.64,-0.11,0.06,-0.01
1525,9.25,-0.63,4.65,-0.11,0.06,-0.01
1526,9.25,-0.63,4.65,-0.11,0.06,-0.01
1527,9.25,-0.63,4.65,-0.11,0.05,-0.01
1528,9.25,-0.63,4.65,-0.11,0.05,-0.01
1529,9.25,-0.63,4.65,-0.11,0.05,-0.01
1530,9.25,-0.63,4.65,-0.11,0.05,-0.01
1531,9.25,-0.63,4.65,-0.11,0.05,-0.01
1532,9.25,-0.63,4.65,-0.11,0.05,-0.01
1533,9.25,-0.63,4.65,-0.11,0.05,-0.01
1534,9.25,-0.63,4.65,-0.11,0.05,-0.01
1535,9.25,-0.63,4.65,-0.11,0.05,-0.01
1536,9.25,-0.63,4.65,-0.11,0.05,-0.01
1537,9.25,-0.63,4.64,-0.11,0.05,-0.01
1538,9.25,-0.63,4.64,-0.11,0.05,-0.01
1539,9.26,-0.63,4.64,-0.11,0.05,-0.01
1540,9.26,-0.63,4.64,-0.11,0.05,-0.01
1541,9.26,-0.63,4.64,-0.11,0.05,-0.01
1542,9.26,-0.63,4.63,-0.11,0.05,-0.01
1543,9.26,-0.63,4.63,-0.11,0.05,-0.01
1544,9.26,-0.63,4.63,-0.11,0.05,-0.01
1545,9.26,-0.63,4.62,-0.11,0.05,-0.01
1546,9.26,-0.63,4.62,-0.11,0.05,-0.01
1547,9.26,-0.63,4.61,-0.11,0.05,-0.01
1548,9.27,-0.63,4.61,-0.11,0.05,-0.01
1549,9.27,-0.63,4.61,-0.11,0.05,-0.01
1550,9.27,-0.63,4.6,-0.11,0.05,-0.01
1551,9.27,-0.63,4.6,-0.11,0.05,-0.01
1552,9.27,-0.63,4.6,-0.11,0.05,-0.01
1553,9.27,-0.63,4.59,-0.11,0.05,-0.01
1554,9.27,-0.63,4.59,-0.11,0.05,-0.01
1555,9.27,-0.63,4.59,-0.11,0.05,-0.01
1556,9.27,-0.63,4.59,-0.11,0.05,-0.01
1557,9.27,-0.63,4.59,-0.11,0.05,-0.01
1558,9.27,-0.63,4.59,-0.11,0.06,-0.01
1559,9.27,-0.63,4.59,-0.11,0.06,-0.01
1560,9.27,-0.63,4.59,-0.11,0.06,-0.01
1561,9.27,-0.63,4.59,-0.11,0.06,-0.01
1562,9.27,-0.63,4.59,-0.11,0.06,-0.01
1563,9.27,-0.63,4.59,-0.11,0.06,-0.01
1564,9.27,-0.63,4.6,-0.11,0.06,-0.01
1565,9.27,-0.63,4.6,-0.11,0.06,-0.01
1566,9.26,-0.63,4.6,-0.11,0.06,-0.01
1567,9.26,-0.63,4.61,-0.11,0.06,-0.01
1568,9.26,-0.63,4.61,-0.11,0.06,-0.01
1569,9.26,-0.63,4.61,-0.11,0.07,-0.01
1570,9.26,-0.63,4.62,-0.11,0.07,-0.01
1571,9.26,-0.63,4.62,-0.11,0.06,-0.01
1572,9.26,-0.63,4.63,-0.11,0.06,-0.01
1573,9.26,-0.63,4.63,-0.11,0.06,-0.01
1574,9.26,-0.63,4.63,-0.11,0.06,-0.01
1575,9.25,-0.63,4.64,-0.11,0.06,-0.01
1576,9.25,-0.63,4.64,-0.11,0.06,-0.01
1577,9.25,-0.63,4.64,-0.11,0.06,-0.01
1578,9.25,-0.63,4.64,-0.11,0.06,-0.01
1579,9.25,-0.63,4.64,-0.11,0.06,-0.01
1580,9.25,-0.63,4.65,-0.11,0.06,-0.01
1581,9.25,-0.63,4.65,-0.11,0.06,-0.01
1582,9.25,-0.63,4.65,-0.11,0.06,-0.01
1583,9.25,-0.63,4.65,-0.11,0.06,-0.01
1584,9.25,-0.63,4.65,-0.11,0.06,-0.01
1585,9.25,-0.63,4.65,-0.11,0.06,-0.01
1586,9.25,-0.63,4.65,-0.11,0.05,-0.01
1587,9.25,-0.63,4.65,-0.11,0.05,-0.01
1588,9.25,-0.63,4.65,-0.11,0.05,-0.01
1589,9.25,-0.63,4.65,-0.11,0.05,-0.01
1590,9.25,-0.63,4.65,-0.11,0.05,-0.01
1591,9.25,-0.63,4.65,-0.11,0.05,-0.01
1592,9.25,-0.63,4.64,-0.11,0.05,-0.01
1593,9.25,-0.63,4.64,-0.11,0.05,-0.01
1594,9.25,-0.63,4.64,-0.11,0.05,-0.01
1595,9.25,-0.63,4.64,-0.11,0.05,-0.01
1596,9.25,-0.63,4.64,-0.11,0.05,-0.01
1597,9.25,-0.62,4.64,-0.11,0.05,-0.01
1598,9.25,-0.62,4.64,-0.11,0.05,-0.01
1599,9.25,-0.62,4.64,-0.11,0.06,-0.01
1600,9.25,-0.62,4.64,-0.11,0.06,-0.01
1601,9.25,-0.62,4.64,-0.11,0.06,-0.01
1602,9.25,-0.62,4.64,-0.11,0.06,-0.01
1603,9.25,-0.62,4.64,-0.11,0.06,-0.01
1604,9.25,-0.62,4.65,-0.11,0.06,-0.01
1605,9.25,-0.62,4.65,-0.11,0.06,-0.01
1606,9.25,-0.62,4.65,-0.11,0.06,-0.01
1607,9.25,-0.62,4.65,-0.11,0.06,-0.01
1608,9.25,-0.62,4.65,-0.11,0.06,-0.01
1609,9.25,-0.62,4.65,-0.11,0.05,-0.01
1610,9.25,-0.62,4.65,-0.11,0.05,-0.01
1611,9.25,-0.62,4.65,-0.11,0.05,-0.01
1612,9.25,-0.63,4.65,-0.11,0.05,-0.01
1613,9.25,-0.63,4.65,-0.11,0.05,-0.01
1614,9.25,-0.63,4.65,-0.11,0.05,-0.01
1615,9.25,-0.63,4.65,-0.11,0.05,-0.01
1616,9.25,-0.63,4.64,-0.11,0.05,-0.01
1617,9.25,-0.63,4.64,-0.11,0.05,-0.01
1618,9.25,-0.63,4.64,-0.11,0.05,-0.01
1619,9.25,-0.63,4.64,-0.11,0.05,-0.01
1620,9.25,-0.63,4.63,-0.11,0.05,-0.01
1621,9.26,-0.63,4.63,-0.11,0.05,-0.01
1622,9.26,-0.63,4.63,-0.11,0.05,-0.01
1623,9.26,-0.63,4.63,-0.11,0.05,-0.01
1624,9.26,-0.63,4.62,-0.11,0.05,-0.01
1625,9.26,-0.63,4.62,-0.11,0.05,-0.01
1626,9.26,-0.63,4.62,-0.11,0.05,-0.01
1627,9.26,-0.63,4.61,-0.11,0.05,-0.01
1628,9.26,-0.63,4.61,-0.11,0.05,-0.01
1629,9.26,-0.63,4.61,-0.11,0.05,-0.01
1630,9.27,-0.63,4.6,-0.11,0.05,-0.01
1631,9.27,-0.63,4.6,-0.11,0.05,-0.01
1632,9.27,-0.63,4.6,-0.11,0.05,-0.01
1633,9.27,-0.63,4.6,-0.11,0.05,-0.01
1634,9.27,-0.63,4.59,-0.11,0.05,-0.01
1635,9.27,-0.63,4.59,-0.11,0.05,-0.01
1636,9.27,-0.63,4.59,-0.11,0.05,-0.01
1637,9.27,-0.63,4.59,-0.11,0.05,-0.01
1638,9.27,-0.63,4.59,-0.11,0.06,-0.01
1639,9.27,-0.63,4.59,-0.11,0.06,-0.01
1640,9.27,-0.63,4.59,-0.11,0.06,-0.01
1641,9.27,-0.63,4.6,-0.11,0.06,-0.01
1642,9.27,-0.63,4.6,-0.11,0.06,-0.01
1643,9.27,-0.63,4.6,-0.11,0.06,-0.01
1644,9.27,-0.63,4.6,-0.11,0.06,-0.01
1645,9.27,-0.63,4.61,-0.11,0.06,-0.01
1646,9.26,-0.63,4.61,-0.11,0.06,-0.01
1647,9.26,-0.63,4.61,-0.11,0.06,-0.01
1648,9.26,-0.63,4.62,-0.11,0.06,-0.01
1649,9.26,-0.63,4.62,-0.11,0.06,-0.01
1650,9.26,-0.63,4.62,-0.11,0.06,-0.01
1651,9.26,-0.63,4.62,-0.11,0.06,-0.01
1652,9.26,-0.63,4.63,-0.11,0.06,-0.01
1653,9.25,-0.63,4.63,-0.11,0.06,-0.01
1654,9.25,-0.63,4.63,-0.11,0.06,-0.01
1655,9.25,-0.63,4.64,-0.11,0.06,-0.01
1656,9.25,-0.63,4.64,-0.11,0.06,-0.01
1657,9.25,-0.63,4.64,-0.11,0.06,-0.01
1658,9.25,-0.63,4.64,-0.11,0.06,-0.01
1659,9.25,-0.63,4.64,-0.11,0.06,-0.01
1660,9.25,-0.63,4.64,-0.11,0.06,-0.01
1661,9.25,-0.63,4.65,-0.11,0.06,-0.01
1662,9.25,-0.63,4.65,-0.11,0.06,-0.01
1663,9.25,-0.63,4.65,-0.11,0.06,-0.01
1664,9.25,-0.63,4.65,-0.11,0.06,-0.01
1665,9.25,-0.63,4.65,-0.11,0.06,-0.01
1666,9.25,-0.63,4.65,-0.11,0.05,-0.01
1667,9.25,-0.63,4.65,-0.11,0.05,-0.01
1668,9.25,-0.63,4.64,-0.11,0.05,-0.01
1669,9.25,-0.63,4.64,-0.11,0.05,-0.01
1670,9.25,-0.63,4.64,-0.11,0.05,-0.01
1671,9.25,-0.63,4.64,-0.11,0.05,-0.01
1672,9.25,-0.63,4.64,-0.11,0.05,-0.01
1673,9.25,-0.63,4.64,-0.11,0.05,-0.01
1674,9.25,-0.63,4.64,-0.11,0.05,-0.01
1675,9.25,-0.63,4.64,-0.11,0.05,-0.01
1676,9.25,-0.63,4.64,-0.11,0.05,-0.01
1677,9.25,-0.63,4.64,-0.11,0.05,-0.01
1678,9.25,-0.63,4.64,-0.11,0.05,-0.01
1679,9.25,-0.63,4.64,-0.11,0.05,-0.01
1680,9.25,-0.63,4.64,-0.11,0.06,-0.01
1681,9.25,-0.63,4.64,-0.11,0.06,-0.01
1682,9.25,-0.63,4.64,-0.11,0.06,-0.01
1683,9.25,-0.63,4.64,-0.11,0.06,-0.01
1684,9.25,-0.63,4.64,-0.11,0.06,-0.01
1685,9.25,-0.63,4.65,-0.11,0.06,-0.01
1686,9.25,-0.63,4.65,-0.11,0.06,-0.01
1687,9.25,-0.63,4.65,-0.11,0.06,-0.01
1688,9.25,-0.63,4.65,-0.11,0.06,-0.01
1689,9.25,-0.63,4.65,-0.11,0.06,-0.01
1690,9.25,-0.63,4.65,-0.11,0.06,-0.01
1691,9.25,-0.63,4.65,-0.11,0.05,-0.01
1692,9.25,-0.63,4.65,-0.11,0.05,-0.01
1693,9.25,-0.63,4.65,-0.11,0.05,-0.01
1694,9.25,-0.63,4.65,-0.11,0.05,-0.01
1695,9.25,-0.63,4.65,-0.11,0.05,-0.01
1696,9.25,-0.63,4.65,-0.11,0.05,-0.01
1697,9.25,-0.63,4.64,-0.11,0.05,-0.01
1698,9.25,-0.63,4.64,-0.11,0.05,-0.01
1699,9.25,-0.63,4.64,-0.11,0.05,-0.01
1700,9.25,-0.63,4.64,-0.11,0.05,-0.01
1701,9.25,-0.63,4.64,-0.11,0.05,-0.01
1702,9.25,-0.63,4.64,-0.11,0.05,-0.01
1703,9.25,-0.63,4.64,-0.11,0.05,-0.01
1704,9.25,-0.63,4.63,-0.11,0.05,-0.01
1705,9.25,-0.63,4.63,-0.11,0.05,-0.01
1706,9.26,-0.63,4.63,-0.11,0.05,-0.01
1707,9.26,-0.63,4.63,-0.11,0.05,-0.01
1708,9.26,-0.63,4.63,-0.11,0.05,-0.01
1709,9.26,-0.63,4.63,-0.11,0.05,-0.01
1710,9.26,-0.64,4.62,-0.11,0.05,-0.01
1711,9.26,-0.64,4.62,-0.11,0.05,-0.01
1712,9.26,-0.64,4.62,-0.11,0.05,-0.01
1713,9.26,-0.64,4.62,-0.11,0.05,-0.01
1714,9.26,-0.64,4.62,-0.11,0.05,-0.01
1715,9.26,-0.64,4.62,-0.11,0.05,-0.01
1716,9.26,-0.64,4.61,-0.11,0.05,-0.01
1717,9.26,-0.64,4.61,-0.11,0.05,-0.01
1718,9.27,-0.64,4.61,-0.11,0.05,-0.01
1719,9.27,-0.64,4.61,-0.11,0.05,-0.01
1720,9.27,-0.64,4.61,-0.11,0.05,-0.01
1721,9.27,-0.64,4.6,-0.11,0.05,-0.01
1722,9.27,-0.64,4.6,-0.11,0.05,-0.01
1723,9.27,-0.64,4.6,-0.11,0.05,-0.01
1724,9.27,-0.64,4.6,-0.11,0.05,-0.01
1725,9.27,-0.64,4.6,-0.11,0.05,-0.01
1726,9.27,-0.64,4.6,-0.11,0.05,-0.01
1727,9.27,-0.64,4.59,-0.11,0.05,-0.01
1728,9.27,-0.64,4.59,-0.11,0.05,-0.01
1729,9.27,-0.64,4.59,-0.11,0.05,-0.01
1730,9.27,-0.64,4.59,-0.11,0.05,-0.01
1731,9.27,-0.64,4.59,-0.11,0.05,-0.01
1732,9.27,-0.64,4.59,-0.11,0.05,-0.01
1733,9.27,-0.64,4.59,-0.11,0.05,-0.01
1734,9.27,-0.64,4.58,-0.11,0.06,-0.01
1735,9.27,-0.64,4.58,-0.11,0.06,-0.01
1736,9.27,-0.64,4.59,-0.11,0.06,-0.01
1737,9.27,-0.64,4.59,-0.11,0.06,-0.01
1738,9.27,-0.64,4.59,-0.11,0.06,-0.01
1739,9.27,-0.64,4.59,-0.11,0.06,-0.01
1740,9.27,-0.63,4.59,-0.11,0.06,-0.01
1741,9.27,-0.63,4.59,-0.11,0.06,-0.01
1742,9.27,-0.63,4.59,-0.11,0.06,-0.01
1743,9.27,-0.63,4.6,-0.11,0.06,-0.01
1744,9.27,-0.63,4.6,-0.11,0.06,-0.01
1745,9.27,-0.63,4.6,-0.11,0.06,-0.01
1746,9.26,-0.63,4.61,-0.11,0.07,-0.01
1747,9.26,-0.63,4.61,-0.11,0.07,-0.01
1748,9.26,-0.63,4.62,-0.11,0.07,-0.01
1749,9.26,-0.63,4.62,-0.11,0.07,-0.01
1750,9.26,-0.63,4.62,-0.11,0.07,-0.01
1751,9.26,-0.63,4.63,-0.11,0.06,-0.01
1752,9.26,-0.63,4.63,-0.11,0.06,-0.01
1753,9.26,-0.63,4.63,-0.11,0.06,-0.01
1754,9.25,-0.63,4.64,-0.11,0.06,-0.01
1755,9.25,-0.63,4.64,-0.11,0.06,-0.01
1756,9.25,-0.63,4.64,-0.11,0.06,-0.01
1757,9.25,-0.63,4.65,-0.11,0.06,-0.01
1758,9.25,-0.63,4.65,-0.11,0.06,-0.01
1759,9.25,-0.63,4.65,-0.11,0.06,-0.01
1760,9.25,-0.63,4.65,-0.11,0.06,-0.01
1761,9.25,-0.63,4.65,-0.11,0.06,-0.01
1762,9.25,-0.63,4.65,-0.11,0.06,-0.01
1763,9.25,-0.63,4.65,-0.11,0.06,-0.01
1764,9.25,-0.63,4.65,-0.11,0.06,-0.01
1765,9.25,-0.63,4.65,-0.11,0.05,-0.01
1766,9.25,-0.63,4.65,-0.11,0.05,-0.01
1767,9.25,-0.63,4.65,-0.11,0.05,-0.01
1768,9.25,-0.63,4.65,-0.11,0.05,-0.01
1769,9.25,-0.63,4.65,-0.11,0.05,-0.01
1770,9.25,-0.63,4.65,-0.11,0.05,-0.01
1771,9.25,-0.63,4.65,-0.11,0.05,-0.01
1772,9.25,-0.63,4.64,-0.11,0.05,-0.01
1773,9.25,-0.63,4.64,-0.11,0.05,-0.01
1774,9.25,-0.63,4.64,-0.11,0.05,-0.01
1775,9.25,-0.63,4.64,-0.11,0.05,-0.01
1776,9.25,-0.63,4.64,-0.11,0.06,-0.01
1777,9.25,-0.63,4.64,-0.11,0.06,-0.01
1778,9.25,-0.63,4.64,-0.11,0.06,-0.01
1779,9.25,-0.63,4.64,-0.11,0.06,-0.01
1780,9.25,-0.63,4.64,-0.11,0.06,-0.01
1781,9.25,-0.63,4.64,-0.11,0.06,-0.01
1782,9.25,-0.63,4.64,-0.11,0.06,-0.01
1783,9.25,-0.63,4.64,-0.11,0.06,-0.01
1784,9.25,-0.63,4.65,-0.11,0.06,-0.01
1785,9.25,-0.63,4.65,-0.11,0.06,-0.01
1786,9.25,-0.63,4.65,-0.11,0.06,-0.01
1787,9.25,-0.63,4.65,-0.11,0.06,-0.01
1788,9.25,-0.63,4.65,-0.11,0.06,-0.01
1789,9.25,-0.63,4.65,-0.11,0.06,-0.01
1790,9.25,-0.63,4.65,-0.11,0.06,-0.01
1791,9.25,-0.63,4.65,-0.11,0.06,-0.01
1792,9.24,-0.63,4.65,-0.11,0.06,-0.01
1793,9.24,-0.63,4.65,-0.11,0.05,-0.01
1794,9.24,-0.63,4.65,-0.11,0.05,-0.01
1795,9.24,-0.63,4.65,-0.11,0.05,-0.01
1796,9.24,-0.63,4.65,-0.11,0.05,-0.01
1797,9.25,-0.63,4.65,-0.11,0.05,-0.01
1798,9.25,-0.63,4.65,-0.11,0.05,-0.01
1799,9.25,-0.63,4.65,-0.11,0.05,-0.01
1800,9.25,-0.63,4.65,-0.11,0.05,-0.01
1801,9.25,-0.63,4.64,-0.11,0.05,-0.01
1802,9.25,-0.63,4.64,-0.11,0.05,-0.01
1803,9.25,-0.63,4.64,-0.11,0.05,-0.01
1804,9.25,-0.63,4.64,-0.11,0.05,-0.01
1805,9.25,-0.63,4.64,-0.11,0.05,-0.01
1806,9.25,-0.63,4.64,-0.11,0.05,-0.01
1807,9.25,-0.63,4.63,-0.11,0.05,-0.01
1808,9.25,-0.63,4.63,-0.11,0.05,-0.01
1809,9.25,-0.63,4.63,-0.11,0.05,-0.01
1810,9.26,-0.63,4.63,-0.11,0.05,-0.01
1811,9.26,-0.64,4.63,-0.11,0.05,-0.01
1812,9.26,-0.64,4.63,-0.11,0.05,-0.01
1813,9.26,-0.64,4.63,-0.11,0.05,-0.01
1814,9.26,-0.64,4.63,-0.11,0.05,-0.01
1815,9.26,-0.64,4.62,-0.11,0.05,-0.01
1816,9.26,-0.64,4.62,-0.11,0.05,-0.01
1817,9.26,-0.64,4.62,-0.11,0.05,-0.01
1818,9.26,-0.64,4.62,-0.11,0.05,-0.01
1819,9.26,-0.64,4.62,-0.11,0.05,-0.01
1820,9.26,-0.64,4.62,-0.11,0.05,-0.01
1821,9.26,-0.64,4.62,-0.11,0.05,-0.01
1822,9.26,-0.64,4.61,-0.11,0.05,-0.01
1823,9.26,-0.64,4.61,-0.11,0.05,-0.01
1824,9.26,-0.64,4.61,-0.11,0.05,-0.01
1825,9.27,-0.64,4.61,-0.11,0.05,-0.01
1826,9.27,-0.64,4.61,-0.11,0.05,-0.01
1827,9.27,-0.64,4.6,-0.11,0.05,-0.01
1828,9.27,-0.64,4.6,-0.11,0.05,-0.01
1829,9.27,-0.64,4.6,-0.11,0.05,-0.01
1830,9.27,-0.64,4.6,-0.11,0.05,-0.01
1831,9.27,-0.63,4.59,-0.11,0.05,-0.01
1832,9.27,-0.63,4.59,-0.11,0.05,-0.01
1833,9.27,-0.63,4.59,-0.11,0.05,-0.01
1834,9.27,-0.63,4.59,-0.11,0.05,-0.01
1835,9.27,-0.63,4.59,-0.11,0.05,-0.01
1836,9.27,-0.63,4.58,-0.11,0.05,-0.01
1837,9.27,-0.63,4.58,-0.11,0.05,-0.01
1838,9.27,-0.63,4.58,-0.11,0.05,-0.01
1839,9.27,-0.63,4.58,-0.11,0.06,-0.01
1840,9.27,-0.63,4.58,-0.11,0.06,-0.01
1841,9.27,-0.63,4.58,-0.11,0.06,-0.01
1842,9.27,-0.63,4.58,-0.11,0.06,-0.01
1843,9.27,-0.63,4.59,-0.11,0.06,-0.01
1844,9.27,-0.63,4.59,-0.11,0.06,-0.01
1845,9.27,-0.63,4.59,-0.11,0.06,-0.01
1846,9.27,-0.63,4.59,-0.11,0.06,-0.01
1847,9.27,-0.63,4.6,-0.11,0.06,-0.01
1848,9.27,-0.63,4.6,-0.11,0.06,-0.01
1849,9.27,-0.63,4.6,-0.11,0.06,-0.01
1850,9.27,-0.64,4.61,-0.11,0.06,-0.01
1851,9.26,-0.64,4.61,-0.11,0.06,-0.01
1852,9.26,-0.64,4.61,-0.11,0.06,-0.01
1853,9.26,-0.64,4.62,-0.11,0.06,-0.01
1854,9.26,-0.64,4.62,-0.11,0.06,-0.01
1855,9.26,-0.64,4.63,-0.11,0.06,-0.01
1856,9.26,-0.64,4.63,-0.11,0.06,-0.01
1857,9.26,-0.64,4.63,-0.11,0.06,-0.01
1858,9.26,-0.64,4.64,-0.11,0.06,-0.01
1859,9.25,-0.64,4.64,-0.11,0.06,-0.01
1860,9.25,-0.64,4.64,-0.11,0.06,-0.01
1861,9.25,-0.64,4.64,-0.11,0.06,-0.01
1862,9.25,-0.64,4.64,-0.11,0.06,-0.01
1863,9.25,-0.64,4.64,-0.11,0.06,-0.01
1864,9.25,-0.64,4.65,-0.11,0.06,-0.01
1865,9.25,-0.64,4.65,-0.11,0.06,-0.01
1866,9.25,-0.64,4.65,-0.11,0.06,-0.01
1867,9.25,-0.64,4.65,-0.11,0.06,-0.01
1868,9.25,-0.64,4.65,-0.11,0.05,-0.01
1869,9.25,-0.64,4.65,-0.11,0.05,-0.01
1870,9.25,-0.63,4.65,-0.11,0.05,-0.01
1871,9.25,-0.63,4.64,-0.11,0.05,-0.01
1872,9.25,-0.63,4.64,-0.11,0.05,-0.01
1873,9.25,-0.63,4.64,-0.11,0.05,-0.01
1874,9.25,-0.63,4.64,-0.11,0.05,-0.01
1875,9.25,-0.63,4.64,-0.11,0.05,-0.01
1876,9.25,-0.63,4.64,-0.11,0.05,-0.01
1877,9.25,-0.63,4.64,-0.11,0.05,-0.01
1878,9.25,-0.63,4.64,-0.11,0.05,-0.01
1879,9.25,-0.63,4.64,-0.11,0.05,-0.01
1880,9.25,-0.63,4.64,-0.11,0.05,-0.01
1881,9.25,-0.63,4.64,-0.11,0.05,-0.01
1882,9.25,-0.63,4.64,-0.11,0.05,-0.01
1883,9.25,-0.63,4.64,-0.11,0.05,-0.01
1884,9.25,-0.63,4.64,-0.11,0.05,-0.01
1885,9.25,-0.63,4.64,-0.11,0.05,-0.01
1886,9.25,-0.63,4.64,-0.11,0.05,-0.01
1887,9.25,-0.63,4.65,-0.11,0.05,-0.01
1888,9.25,-0.63,4.65,-0.11,0.05,-0.01
1889,9.25,-0.63,4.65,-0.11,0.05,-0.01
1890,9.25,-0.63,4.65,-0.11,0.05,-0.01
1891,9.25,-0.63,4.65,-0.11,0.05,-0.01
1892,9.25,-0.63,4.65,-0.11,0.05,-0.01
1893,9.25,-0.63,4.65,-0.11,0.05,-0.01
1894,9.25,-0.63,4.65,-0.11,0.05,-0.01
1895,9.25,-0.63,4.65,-0.11,0.05,-0.01
1896,9.25,-0.63,4.65,-0.11,0.05,-0.01
1897,9.25,-0.63,4.65,-0.11,0.05,-0.01
1898,9.25,-0.63,4.65,-0.11,0.05,-0.01
1899,9.25,-0.63,4.65,-0.11,0.05,-0.01
1900,9.25,-0.63,4.64,-0.11,0.05,-0.01
1901,9.25,-0.63,4.64,-0.11,0.05,-0.01
1902,9.25,-0.63,4.64,-0.11,0.05,-0.01
1903,9.25,-0.63,4.64,-0.11,0.05,-0.01
1904,9.25,-0.63,4.64,-0.11,0.05,-0.01
1905,9.25,-0.63,4.64,-0.11,0.06,-0.01
1906,9.25,-0.63,4.64,-0.11,0.06,-0.01
1907,9.25,-0.63,4.64,-0.11,0.06,-0.01
1908,9.25,-0.63,4.64,-0.11,0.06,-0.01
1909,9.25,-0.63,4.64,-0.11,0.06,-0.01
1910,9.25,-0.63,4.64,-0.11,0.06,-0.01
1911,9.25,-0.63,4.64,-0.11,0.06,-0.01
1912,9.25,-0.63,4.64,-0.11,0.06,-0.01
1913,9.25,-0.63,4.64,-0.11,0.06,-0.01
1914,9.25,-0.63,4.64,-0.11,0.06,-0.01
1915,9.25,-0.63,4.64,-0.11,0.06,-0.01
1916,9.25,-0.63,4.65,-0.11,0.05,-0.01
1917,9.25,-0.63,4.65,-0.11,0.05,-0.01
1918,9.25,-0.63,4.65,-0.11,0.05,-0.01
1919,9.25,-0.63,4.65,-0.11,0.05,-0.01
1920,9.25,-0.63,4.65,-0.11,0.05,-0.01
1921,9.25,-0.63,4.64,-0.11,0.05,-0.01
1922,9.25,-0.63,4.64,-0.11,0.05,-0.01
1923,9.25,-0.63,4.64,-0.11,0.05,-0.01
1924,9.25,-0.63,4.64,-0.11,0.05,-0.01
1925,9.26,-0.63,4.64,-0.11,0.05,-0.01
1926,9.26,-0.63,4.63,-0.11,0.05,-0.01
1927,9.26,-0.63,4.63,-0.11,0.05,-0.01
1928,9.26,-0.63,4.63,-0.11,0.04,-0.01
1929,9.26,-0.63,4.62,-0.11,0.04,-0.01
1930,9.26,-0.63,4.62,-0.11,0.04,-0.01
1931,9.26,-0.63,4.62,-0.11,0.04,-0.01
1932,9.27,-0.63,4.61,-0.11,0.04,-0.01
1933,9.27,-0.63,4.61,-0.11,0.04,-0.01
1934,9.27,-0.63,4.6,-0.11,0.04,-0.01
1935,9.27,-0.63,4.6,-0.11,0.04,-0.01
1936,9.27,-0.63,4.59,-0.11,0.04,-0.01
1937,9.27,-0.63,4.59,-0.11,0.05,-0.01
1938,9.27,-0.63,4.59,-0.11,0.05,-0.01
1939,9.27,-0.63,4.58,-0.11,0.05,-0.01
1940,9.27,-0.63,4.58,-0.11,0.05,-0.01
1941,9.27,-0.63,4.58,-0.11,0.05,-0.01
1942,9.27,-0.64,4.58,-0.11,0.05,-0.01
1943,9.27,-0.64,4.58,-0.11,0.05,-0.01
1944,9.27,-0.64,4.57,-0.11,0.06,-0.01
1945,9.27,-0.64,4.58,-0.11,0.06,-0.01
1946,9.27,-0.64,4.58,-0.11,0.06,-0.01
1947,9.27,-0.64,4.58,-0.11,0.06,-0.01
1948,9.27,-0.64,4.58,-0.11,0.06,-0.01
1949,9.27,-0.64,4.58,-0.11,0.06,-0.01
1950,9.27,-0.64,4.59,-0.11,0.06,-0.01
1951,9.27,-0.64,4.59,-0.11,0.07,-0.01
1952,9.27,-0.64,4.6,-0.11,0.07,-0.01
1953,9.26,-0.64,4.6,-0.11,0.07,-0.01
1954,9.26,-0.64,4.61,-0.11,0.07,-0.01
1955,9.26,-0.64,4.61,-0.11,0.07,-0.01
1956,9.26,-0.64,4.62,-0.11,0.07,-0.01
1957,9.26,-0.63,4.62,-0.11,0.07,-0.01
1958,9.26,-0.63,4.63,-0.11,0.07,-0.01
1959,9.26,-0.63,4.63,-0.11,0.07,-0.01
1960,9.25,-0.63,4.64,-0.11,0.07,-0.01
1961,9.25,-0.63,4.64,-0.11,0.07,-0.01
1962,9.25,-0.63,4.65,-0.11,0.06,-0.01
1963,9.25,-0.63,4.65,-0.11,0.06,-0.01
1964,9.25,-0.63,4.65,-0.11,0.06,-0.01
1965,9.25,-0.63,4.66,-0.11,0.06,-0.01
1966,9.25,-0.63,4.66,-0.11,0.06,-0.01
1967,9.25,-0.63,4.66,-0.11,0.06,-0.01
1968,9.25,-0.63,4.66,-0.11,0.06,-0.01
1969,9.25,-0.63,4.66,-0.11,0.06,-0.01
1970,9.25,-0.63,4.66,-0.11,0.06,-0.01
1971,9.25,-0.63,4.66,-0.11,0.06,-0.01
1972,9.24,-0.63,4.66,-0.11,0.05,-0.01
1973,9.24,-0.63,4.66,-0.11,0.05,-0.01
1974,9.24,-0.63,4.66,-0.11,0.05,-0.01
1975,9.24,-0.63,4.66,-0.11,0.05,-0.01
1976,9.24,-0.64,4.66,-0.11,0.05,-0.01
1977,9.24,-0.64,4.66,-0.11,0.05,-0.01
1978,9.24,-0.64,4.66,-0.11,0.05,-0.01
1979,9.24,-0.64,4.66,-0.11,0.05,-0.01
1980,9.24,-0.64,4.66,-0.11,0.05,-0.01
1981,9.24,-0.64,4.66,-0.11,0.05,-0.01
1982,9.24,-0.64,4.65,-0.11,0.05,-0.01
1983,9.24,-0.64,4.65,-0.11,0.05,-0.01
1984,9.24,-0.64,4.65,-0.11,0.05,-0.01
1985,9.24,-0.64,4.65,-0.11,0.05,-0.01
1986,9.24,-0.64,4.65,-0.11,0.05,-0.01
1987,9.24,-0.64,4.65,-0.11,0.05,-0.01
1988,9.24,-0.64,4.65,-0.11,0.05,-0.01
1989,9.24,-0.64,4.65,-0.11,0.05,-0.01
1990,9.24,-0.64,4.65,-0.11,0.06,-0.01
1991,9.24,-0.63,4.65,-0.11,0.06,-0.01
1992,9.24,-0.63,4.65,-0.11,0.06,-0.01
1993,9.24,-0.63,4.65,-0.11,0.06,-0.01
1994,9.25,-0.63,4.65,-0.11,0.06,-0.01
1995,9.25,-0.62,4.65,-0.11,0.06,-0.01
1996,9.25,-0.62,4.65,-0.11,0.06,-0.01
1997,9.25,-0.62,4.64,-0.11,0.06,-0.01
1998,9.25,-0.61,4.64,-0.11,0.06,-0.01
1999,9.25,-0.61,4.64,-0.11,0.06,-0.01
